trajectory_id,method,seed,rep,stress,G0,selected_stage,adverse_return
30000000,Static Zoning,101,0,historical,7809471.740098555,0,-7809471.740098555
30000001,Static Zoning,101,1,historical,7132254.783632977,0,-7132254.783632977
30000002,Static Zoning,101,2,historical,8127599.092234666,0,-8127599.092234666
30000003,Static Zoning,101,3,historical,9135231.084022366,0,-9135231.084022366
30000004,Static Zoning,101,4,historical,3460700.9335020315,0,-3460700.9335020315
30000005,Static Zoning,101,5,historical,4471624.421625503,0,-4471624.421625503
30000006,Static Zoning,101,6,historical,3066156.0874148766,0,-3066156.0874148766
30000007,Static Zoning,101,7,historical,4667642.252672155,0,-4667642.252672155
30000008,Static Zoning,101,8,historical,5080625.883279246,0,-5080625.883279246
30000009,Static Zoning,101,9,historical,6469994.563618544,0,-6469994.563618544
30000010,Static Zoning,101,10,historical,10080304.732483314,0,-10080304.732483314
30000011,Static Zoning,101,11,historical,8666009.858288053,0,-8666009.858288053
30000012,Static Zoning,101,12,historical,6070305.989951667,0,-6070305.989951667
30000013,Static Zoning,101,13,historical,7013295.990455435,0,-7013295.990455435
30000014,Static Zoning,101,14,historical,10453727.989544207,0,-10453727.989544207
30000015,Static Zoning,101,15,historical,-1107186.5468166643,0,1107186.5468166643
30000016,Static Zoning,101,16,historical,2560483.763147656,0,-2560483.763147656
30000017,Static Zoning,101,17,historical,4542060.465650061,0,-4542060.465650061
30000018,Static Zoning,101,18,historical,6914322.960066241,0,-6914322.960066241
30000019,Static Zoning,101,19,historical,10971356.309957806,0,-10971356.309957806
30000020,Static Zoning,101,20,historical,5438088.824185919,0,-5438088.824185919
30000021,Static Zoning,101,21,historical,2308440.792711733,0,-2308440.792711733
30000022,Static Zoning,101,22,historical,6984248.234582045,0,-6984248.234582045
30000023,Static Zoning,101,23,historical,12474768.38904558,0,-12474768.38904558
30000024,Static Zoning,101,24,historical,8704868.505723467,0,-8704868.505723467
30000025,Static Zoning,101,25,historical,14789613.88672929,0,-14789613.88672929
30000026,Static Zoning,101,26,historical,8151976.63737252,0,-8151976.63737252
30000027,Static Zoning,101,27,historical,7131480.553515481,0,-7131480.553515481
30000028,Static Zoning,101,28,historical,4374403.83331231,0,-4374403.83331231
30000029,Static Zoning,101,29,historical,2455942.065170576,0,-2455942.065170576
30000030,Static Zoning,101,30,historical,11526204.760938993,0,-11526204.760938993
30000031,Static Zoning,101,31,historical,7507041.984406666,0,-7507041.984406666
30000032,Static Zoning,101,32,historical,4927509.880041635,0,-4927509.880041635
30000033,Static Zoning,101,33,historical,13954265.322812125,0,-13954265.322812125
30000034,Static Zoning,101,34,historical,10681106.91304784,0,-10681106.91304784
30000035,Static Zoning,101,35,historical,5963209.5667625405,0,-5963209.5667625405
30000036,Static Zoning,101,36,historical,7306568.3080231855,0,-7306568.3080231855
30000037,Static Zoning,101,37,historical,7100234.005537547,0,-7100234.005537547
30000038,Static Zoning,101,38,historical,5687866.935458317,0,-5687866.935458317
30000039,Static Zoning,101,39,historical,13921656.81591231,0,-13921656.81591231
30000040,Static Zoning,101,40,historical,2488446.3456386765,0,-2488446.3456386765
30000041,Static Zoning,101,41,historical,3533670.000171344,0,-3533670.000171344
30000042,Static Zoning,101,42,historical,5940741.217987167,0,-5940741.217987167
30000043,Static Zoning,101,43,historical,9265179.351489432,0,-9265179.351489432
30000044,Static Zoning,101,44,historical,8228685.606394253,0,-8228685.606394253
30000045,Static Zoning,101,45,historical,7109810.970881373,0,-7109810.970881373
30000046,Static Zoning,101,46,historical,9332610.304330783,0,-9332610.304330783
30000047,Static Zoning,101,47,historical,11147477.146795047,0,-11147477.146795047
30000048,Static Zoning,101,48,historical,8010552.347450028,0,-8010552.347450028
30000049,Static Zoning,101,49,historical,7936483.713946581,0,-7936483.713946581
30000050,Static Zoning,101,50,historical,6573707.538697483,0,-6573707.538697483
30000051,Static Zoning,101,51,historical,6822668.82024427,0,-6822668.82024427
30000052,Static Zoning,101,52,historical,3554679.8977826373,0,-3554679.8977826373
30000053,Static Zoning,101,53,historical,6188842.354404373,0,-6188842.354404373
30000054,Static Zoning,101,54,historical,7418776.927407764,0,-7418776.927407764
30000055,Static Zoning,101,55,historical,8194988.735325042,0,-8194988.735325042
30000056,Static Zoning,101,56,historical,2231876.8458005795,0,-2231876.8458005795
30000057,Static Zoning,101,57,historical,4162895.2165469737,0,-4162895.2165469737
30000058,Static Zoning,101,58,historical,6842044.172430739,0,-6842044.172430739
30000059,Static Zoning,101,59,historical,8189764.525486881,0,-8189764.525486881
30000060,Static Zoning,101,60,historical,10043122.695726592,0,-10043122.695726592
30000061,Static Zoning,101,61,historical,8710324.004281064,0,-8710324.004281064
30000062,Static Zoning,101,62,historical,7840495.172525996,0,-7840495.172525996
30000063,Static Zoning,101,63,historical,9712921.759651942,0,-9712921.759651942
30000064,Static Zoning,101,64,historical,5616066.1302109705,0,-5616066.1302109705
30000065,Static Zoning,101,65,historical,7878195.091871889,0,-7878195.091871889
30000066,Static Zoning,101,66,historical,4217466.223906453,0,-4217466.223906453
30000067,Static Zoning,101,67,historical,9075474.164909495,0,-9075474.164909495
30000068,Static Zoning,101,68,historical,6400718.301904025,0,-6400718.301904025
30000069,Static Zoning,101,69,historical,7635559.346060264,0,-7635559.346060264
30000070,Static Zoning,101,70,historical,-1073846.9666668102,0,1073846.9666668102
30000071,Static Zoning,101,71,historical,6816086.811473804,0,-6816086.811473804
30000072,Static Zoning,101,72,historical,4489289.922042836,0,-4489289.922042836
30000073,Static Zoning,101,73,historical,9893351.137110196,0,-9893351.137110196
30000074,Static Zoning,101,74,historical,7930679.04016648,0,-7930679.04016648
30000075,Static Zoning,101,75,historical,4024350.0910676103,0,-4024350.0910676103
30000076,Static Zoning,101,76,historical,4868035.465917576,0,-4868035.465917576
30000077,Static Zoning,101,77,historical,6374455.678550299,0,-6374455.678550299
30000078,Static Zoning,101,78,historical,7577851.897024255,0,-7577851.897024255
30000079,Static Zoning,101,79,historical,7804022.159099452,0,-7804022.159099452
30000080,Static Zoning,101,80,historical,6693738.604978139,0,-6693738.604978139
30000081,Static Zoning,101,81,historical,8775461.57161713,0,-8775461.57161713
30000082,Static Zoning,101,82,historical,11320640.992974753,0,-11320640.992974753
30000083,Static Zoning,101,83,historical,5017812.876138108,0,-5017812.876138108
30000084,Static Zoning,101,84,historical,5321369.62569914,0,-5321369.62569914
30000085,Static Zoning,101,85,historical,7699302.626731592,0,-7699302.626731592
30000086,Static Zoning,101,86,historical,11493734.42383318,0,-11493734.42383318
30000087,Static Zoning,101,87,historical,1923546.1087976908,0,-1923546.1087976908
30000088,Static Zoning,101,88,historical,7466916.745444818,0,-7466916.745444818
30000089,Static Zoning,101,89,historical,2666481.5284543317,0,-2666481.5284543317
30000090,Static Zoning,101,90,historical,3725984.044794089,0,-3725984.044794089
30000091,Static Zoning,101,91,historical,2267771.8052274254,0,-2267771.8052274254
30000092,Static Zoning,101,92,historical,1656111.0298474694,0,-1656111.0298474694
30000093,Static Zoning,101,93,historical,4035521.4496473763,0,-4035521.4496473763
30000094,Static Zoning,101,94,historical,5385348.765091261,0,-5385348.765091261
30000095,Static Zoning,101,95,historical,11223111.05653857,0,-11223111.05653857
30000096,Static Zoning,101,96,historical,6601331.375388943,0,-6601331.375388943
30000097,Static Zoning,101,97,historical,6557134.492329815,0,-6557134.492329815
30000098,Static Zoning,101,98,historical,6051204.254522531,0,-6051204.254522531
30000099,Static Zoning,101,99,historical,11794060.905887334,0,-11794060.905887334
30000000,Mean DQN,101,0,historical,7837195.577372676,3,-7837195.577372676
30000001,Mean DQN,101,1,historical,7175655.685187643,3,-7175655.685187643
30000002,Mean DQN,101,2,historical,8199353.079838734,3,-8199353.079838734
30000003,Mean DQN,101,3,historical,9150289.934037637,3,-9150289.934037637
30000004,Mean DQN,101,4,historical,3520855.586563744,3,-3520855.586563744
30000005,Mean DQN,101,5,historical,4526427.52463164,3,-4526427.52463164
30000006,Mean DQN,101,6,historical,3098823.141647499,3,-3098823.141647499
30000007,Mean DQN,101,7,historical,4686386.427570856,3,-4686386.427570856
30000008,Mean DQN,101,8,historical,5148647.720893177,3,-5148647.720893177
30000009,Mean DQN,101,9,historical,6527478.514306828,3,-6527478.514306828
30000010,Mean DQN,101,10,historical,10101295.166373415,3,-10101295.166373415
30000011,Mean DQN,101,11,historical,8698545.746222915,3,-8698545.746222915
30000012,Mean DQN,101,12,historical,6138020.566979836,3,-6138020.566979836
30000013,Mean DQN,101,13,historical,7046818.910761629,3,-7046818.910761629
30000014,Mean DQN,101,14,historical,10461436.413294505,3,-10461436.413294505
30000015,Mean DQN,101,15,historical,-1053430.0660290394,3,1053430.0660290394
30000016,Mean DQN,101,16,historical,2606308.7539979005,3,-2606308.7539979005
30000017,Mean DQN,101,17,historical,4563765.969894087,3,-4563765.969894087
30000018,Mean DQN,101,18,historical,6942223.319789929,3,-6942223.319789929
30000019,Mean DQN,101,19,historical,10997041.867338289,3,-10997041.867338289
30000020,Mean DQN,101,20,historical,5455843.817490564,3,-5455843.817490564
30000021,Mean DQN,101,21,historical,2342499.002836163,3,-2342499.002836163
30000022,Mean DQN,101,22,historical,6995310.852802478,3,-6995310.852802478
30000023,Mean DQN,101,23,historical,12520783.43505439,3,-12520783.43505439
30000024,Mean DQN,101,24,historical,8763808.673883352,3,-8763808.673883352
30000025,Mean DQN,101,25,historical,14831649.28084124,3,-14831649.28084124
30000026,Mean DQN,101,26,historical,8198428.199286662,3,-8198428.199286662
30000027,Mean DQN,101,27,historical,7163249.89155627,3,-7163249.89155627
30000028,Mean DQN,101,28,historical,4403615.281243089,3,-4403615.281243089
30000029,Mean DQN,101,29,historical,2455149.765285912,3,-2455149.765285912
30000030,Mean DQN,101,30,historical,11558714.43917424,3,-11558714.43917424
30000031,Mean DQN,101,31,historical,7517468.464796956,3,-7517468.464796956
30000032,Mean DQN,101,32,historical,4955046.025783302,3,-4955046.025783302
30000033,Mean DQN,101,33,historical,13991782.155814067,3,-13991782.155814067
30000034,Mean DQN,101,34,historical,10721620.471863309,3,-10721620.471863309
30000035,Mean DQN,101,35,historical,5990986.3275135,3,-5990986.3275135
30000036,Mean DQN,101,36,historical,7351035.15115972,3,-7351035.15115972
30000037,Mean DQN,101,37,historical,7130339.610313383,3,-7130339.610313383
30000038,Mean DQN,101,38,historical,5713297.79511538,3,-5713297.79511538
30000039,Mean DQN,101,39,historical,13956371.682515394,3,-13956371.682515394
30000040,Mean DQN,101,40,historical,2562614.0783441,3,-2562614.0783441
30000041,Mean DQN,101,41,historical,3589828.137709442,3,-3589828.137709442
30000042,Mean DQN,101,42,historical,5957660.251925109,3,-5957660.251925109
30000043,Mean DQN,101,43,historical,9280642.70509261,3,-9280642.70509261
30000044,Mean DQN,101,44,historical,8322351.476622076,3,-8322351.476622076
30000045,Mean DQN,101,45,historical,7153169.166831457,3,-7153169.166831457
30000046,Mean DQN,101,46,historical,9365472.267260622,3,-9365472.267260622
30000047,Mean DQN,101,47,historical,11191706.982039394,3,-11191706.982039394
30000048,Mean DQN,101,48,historical,8058916.2783653615,3,-8058916.2783653615
30000049,Mean DQN,101,49,historical,7977312.623532867,3,-7977312.623532867
30000050,Mean DQN,101,50,historical,6633034.928482144,3,-6633034.928482144
30000051,Mean DQN,101,51,historical,6861036.5748041505,3,-6861036.5748041505
30000052,Mean DQN,101,52,historical,3614401.4597764565,3,-3614401.4597764565
30000053,Mean DQN,101,53,historical,6213845.252517357,3,-6213845.252517357
30000054,Mean DQN,101,54,historical,7483160.760692475,3,-7483160.760692475
30000055,Mean DQN,101,55,historical,8239319.4909909675,3,-8239319.4909909675
30000056,Mean DQN,101,56,historical,2275283.0775643503,3,-2275283.0775643503
30000057,Mean DQN,101,57,historical,4249013.913526207,3,-4249013.913526207
30000058,Mean DQN,101,58,historical,6849720.419773729,3,-6849720.419773729
30000059,Mean DQN,101,59,historical,8225566.769927625,3,-8225566.769927625
30000060,Mean DQN,101,60,historical,10029650.694440765,3,-10029650.694440765
30000061,Mean DQN,101,61,historical,8737126.015263962,3,-8737126.015263962
30000062,Mean DQN,101,62,historical,7876439.413576059,3,-7876439.413576059
30000063,Mean DQN,101,63,historical,9753753.159730611,3,-9753753.159730611
30000064,Mean DQN,101,64,historical,5616943.572896274,3,-5616943.572896274
30000065,Mean DQN,101,65,historical,7912934.289895538,3,-7912934.289895538
30000066,Mean DQN,101,66,historical,4260181.50798012,3,-4260181.50798012
30000067,Mean DQN,101,67,historical,9108378.579395082,3,-9108378.579395082
30000068,Mean DQN,101,68,historical,6441934.65174622,3,-6441934.65174622
30000069,Mean DQN,101,69,historical,7675949.762355378,3,-7675949.762355378
30000070,Mean DQN,101,70,historical,-1053272.9569954677,3,1053272.9569954677
30000071,Mean DQN,101,71,historical,6857852.059622798,3,-6857852.059622798
30000072,Mean DQN,101,72,historical,4546068.255787241,3,-4546068.255787241
30000073,Mean DQN,101,73,historical,9947996.650369776,3,-9947996.650369776
30000074,Mean DQN,101,74,historical,7949406.66477157,3,-7949406.66477157
30000075,Mean DQN,101,75,historical,4061072.650042963,3,-4061072.650042963
30000076,Mean DQN,101,76,historical,4923722.471138386,3,-4923722.471138386
30000077,Mean DQN,101,77,historical,6438583.17949111,3,-6438583.17949111
30000078,Mean DQN,101,78,historical,7615630.52286257,3,-7615630.52286257
30000079,Mean DQN,101,79,historical,7832461.395590808,3,-7832461.395590808
30000080,Mean DQN,101,80,historical,6697881.71114403,3,-6697881.71114403
30000081,Mean DQN,101,81,historical,8815313.45922823,3,-8815313.45922823
30000082,Mean DQN,101,82,historical,11358377.678737933,3,-11358377.678737933
30000083,Mean DQN,101,83,historical,5027409.330584912,3,-5027409.330584912
30000084,Mean DQN,101,84,historical,5366234.406693194,3,-5366234.406693194
30000085,Mean DQN,101,85,historical,7720009.725333773,3,-7720009.725333773
30000086,Mean DQN,101,86,historical,11508913.14258873,3,-11508913.14258873
30000087,Mean DQN,101,87,historical,1986370.3784420027,3,-1986370.3784420027
30000088,Mean DQN,101,88,historical,7512819.413795614,3,-7512819.413795614
30000089,Mean DQN,101,89,historical,2698492.4415774643,3,-2698492.4415774643
30000090,Mean DQN,101,90,historical,3742546.3899122337,3,-3742546.3899122337
30000091,Mean DQN,101,91,historical,2285786.3727969676,3,-2285786.3727969676
30000092,Mean DQN,101,92,historical,1744368.2132900713,3,-1744368.2132900713
30000093,Mean DQN,101,93,historical,4099009.3938875003,3,-4099009.3938875003
30000094,Mean DQN,101,94,historical,5449577.538417451,3,-5449577.538417451
30000095,Mean DQN,101,95,historical,11264216.488995153,3,-11264216.488995153
30000096,Mean DQN,101,96,historical,6669135.711312691,3,-6669135.711312691
30000097,Mean DQN,101,97,historical,6585939.494424345,3,-6585939.494424345
30000098,Mean DQN,101,98,historical,6057820.22704506,3,-6057820.22704506
30000099,Mean DQN,101,99,historical,11811688.86535035,3,-11811688.86535035
30000000,QR Mean,101,0,historical,7842351.293535016,4,-7842351.293535016
30000001,QR Mean,101,1,historical,7188244.869444497,4,-7188244.869444497
30000002,QR Mean,101,2,historical,8191232.798886943,4,-8191232.798886943
30000003,QR Mean,101,3,historical,9141306.47719947,4,-9141306.47719947
30000004,QR Mean,101,4,historical,3523348.270112604,4,-3523348.270112604
30000005,QR Mean,101,5,historical,4509375.421231245,4,-4509375.421231245
30000006,QR Mean,101,6,historical,3087596.34456654,4,-3087596.34456654
30000007,QR Mean,101,7,historical,4676063.714171594,4,-4676063.714171594
30000008,QR Mean,101,8,historical,5165481.250172485,4,-5165481.250172485
30000009,QR Mean,101,9,historical,6524132.088530496,4,-6524132.088530496
30000010,QR Mean,101,10,historical,10108324.191197071,4,-10108324.191197071
30000011,QR Mean,101,11,historical,8715313.516530227,4,-8715313.516530227
30000012,QR Mean,101,12,historical,6122524.974209724,4,-6122524.974209724
30000013,QR Mean,101,13,historical,7026191.767472391,4,-7026191.767472391
30000014,QR Mean,101,14,historical,10468066.757616883,4,-10468066.757616883
30000015,QR Mean,101,15,historical,-1056709.8141438495,4,1056709.8141438495
30000016,QR Mean,101,16,historical,2607062.656147809,4,-2607062.656147809
30000017,QR Mean,101,17,historical,4551139.661511962,4,-4551139.661511962
30000018,QR Mean,101,18,historical,6923371.770171849,4,-6923371.770171849
30000019,QR Mean,101,19,historical,11006506.899830112,4,-11006506.899830112
30000020,QR Mean,101,20,historical,5461138.319339851,4,-5461138.319339851
30000021,QR Mean,101,21,historical,2333027.7172507825,4,-2333027.7172507825
30000022,QR Mean,101,22,historical,6987143.108080989,4,-6987143.108080989
30000023,QR Mean,101,23,historical,12508363.770563696,4,-12508363.770563696
30000024,QR Mean,101,24,historical,8749184.525574304,4,-8749184.525574304
30000025,QR Mean,101,25,historical,14829335.38698066,4,-14829335.38698066
30000026,QR Mean,101,26,historical,8183882.312196804,4,-8183882.312196804
30000027,QR Mean,101,27,historical,7184362.862068541,4,-7184362.862068541
30000028,QR Mean,101,28,historical,4406569.882870252,4,-4406569.882870252
30000029,QR Mean,101,29,historical,2524220.479737879,4,-2524220.479737879
30000030,QR Mean,101,30,historical,11553623.183313627,4,-11553623.183313627
30000031,QR Mean,101,31,historical,7509622.227679128,4,-7509622.227679128
30000032,QR Mean,101,32,historical,4997747.005698128,4,-4997747.005698128
30000033,QR Mean,101,33,historical,13994220.124027304,4,-13994220.124027304
30000034,QR Mean,101,34,historical,10734464.972485995,4,-10734464.972485995
30000035,QR Mean,101,35,historical,5979472.57464397,4,-5979472.57464397
30000036,QR Mean,101,36,historical,7373962.338680945,4,-7373962.338680945
30000037,QR Mean,101,37,historical,7120593.062078601,4,-7120593.062078601
30000038,QR Mean,101,38,historical,5727509.205392955,4,-5727509.205392955
30000039,QR Mean,101,39,historical,13938766.05036187,4,-13938766.05036187
30000040,QR Mean,101,40,historical,2567571.0841953326,4,-2567571.0841953326
30000041,QR Mean,101,41,historical,3589707.2957782233,4,-3589707.2957782233
30000042,QR Mean,101,42,historical,6010914.007400878,4,-6010914.007400878
30000043,QR Mean,101,43,historical,9281754.848256985,4,-9281754.848256985
30000044,QR Mean,101,44,historical,8323337.071122221,4,-8323337.071122221
30000045,QR Mean,101,45,historical,7155818.88915821,4,-7155818.88915821
30000046,QR Mean,101,46,historical,9369699.602881156,4,-9369699.602881156
30000047,QR Mean,101,47,historical,11183586.446190307,4,-11183586.446190307
30000048,QR Mean,101,48,historical,8055861.312902009,4,-8055861.312902009
30000049,QR Mean,101,49,historical,7957693.026135292,4,-7957693.026135292
30000050,QR Mean,101,50,historical,6644358.487473263,4,-6644358.487473263
30000051,QR Mean,101,51,historical,6845642.267893482,4,-6845642.267893482
30000052,QR Mean,101,52,historical,3646873.903951627,4,-3646873.903951627
30000053,QR Mean,101,53,historical,6207074.906959971,4,-6207074.906959971
30000054,QR Mean,101,54,historical,7521255.114807548,4,-7521255.114807548
30000055,QR Mean,101,55,historical,8222316.3739396855,4,-8222316.3739396855
30000056,QR Mean,101,56,historical,2264205.469160979,4,-2264205.469160979
30000057,QR Mean,101,57,historical,4251078.376119829,4,-4251078.376119829
30000058,QR Mean,101,58,historical,6832357.668976477,4,-6832357.668976477
30000059,QR Mean,101,59,historical,8218824.178259998,4,-8218824.178259998
30000060,QR Mean,101,60,historical,10038734.571860254,4,-10038734.571860254
30000061,QR Mean,101,61,historical,8716442.757434756,4,-8716442.757434756
30000062,QR Mean,101,62,historical,7861586.582239095,4,-7861586.582239095
30000063,QR Mean,101,63,historical,9762042.762233395,4,-9762042.762233395
30000064,QR Mean,101,64,historical,5619455.812230561,4,-5619455.812230561
30000065,QR Mean,101,65,historical,7928118.95233524,4,-7928118.95233524
30000066,QR Mean,101,66,historical,4273823.268445125,4,-4273823.268445125
30000067,QR Mean,101,67,historical,9113724.821178248,4,-9113724.821178248
30000068,QR Mean,101,68,historical,6434970.030020029,4,-6434970.030020029
30000069,QR Mean,101,69,historical,7675160.673272194,4,-7675160.673272194
30000070,QR Mean,101,70,historical,-1037540.3204582769,4,1037540.3204582769
30000071,QR Mean,101,71,historical,6845905.901134305,4,-6845905.901134305
30000072,QR Mean,101,72,historical,4532477.829479665,4,-4532477.829479665
30000073,QR Mean,101,73,historical,9932995.726393351,4,-9932995.726393351
30000074,QR Mean,101,74,historical,7994766.642204015,4,-7994766.642204015
30000075,QR Mean,101,75,historical,4053890.9986478155,4,-4053890.9986478155
30000076,QR Mean,101,76,historical,4913073.8881368255,4,-4913073.8881368255
30000077,QR Mean,101,77,historical,6456729.734086281,4,-6456729.734086281
30000078,QR Mean,101,78,historical,7633499.5664675385,4,-7633499.5664675385
30000079,QR Mean,101,79,historical,7821088.125583718,4,-7821088.125583718
30000080,QR Mean,101,80,historical,6732783.321187103,4,-6732783.321187103
30000081,QR Mean,101,81,historical,8825581.821235236,4,-8825581.821235236
30000082,QR Mean,101,82,historical,11349320.11937181,4,-11349320.11937181
30000083,QR Mean,101,83,historical,5028297.093047025,4,-5028297.093047025
30000084,QR Mean,101,84,historical,5364233.2841446,4,-5364233.2841446
30000085,QR Mean,101,85,historical,7714679.174577562,4,-7714679.174577562
30000086,QR Mean,101,86,historical,11536391.001251535,4,-11536391.001251535
30000087,QR Mean,101,87,historical,1990523.899319195,4,-1990523.899319195
30000088,QR Mean,101,88,historical,7524943.571670253,4,-7524943.571670253
30000089,QR Mean,101,89,historical,2690289.6535796477,4,-2690289.6535796477
30000090,QR Mean,101,90,historical,3790128.860226501,4,-3790128.860226501
30000091,QR Mean,101,91,historical,2263004.1723221974,4,-2263004.1723221974
30000092,QR Mean,101,92,historical,1754926.0551130115,4,-1754926.0551130115
30000093,QR Mean,101,93,historical,4094692.7936715866,4,-4094692.7936715866
30000094,QR Mean,101,94,historical,5437004.401193566,4,-5437004.401193566
30000095,QR Mean,101,95,historical,11258741.64282941,4,-11258741.64282941
30000096,QR Mean,101,96,historical,6695377.137239058,4,-6695377.137239058
30000097,QR Mean,101,97,historical,6567909.752267211,4,-6567909.752267211
30000098,QR Mean,101,98,historical,6053013.806934249,4,-6053013.806934249
30000099,QR Mean,101,99,historical,11815926.27876477,4,-11815926.27876477
30000000,Tail-QR Zoning,101,0,historical,7837195.577372676,1,-7837195.577372676
30000001,Tail-QR Zoning,101,1,historical,7175655.685187643,1,-7175655.685187643
30000002,Tail-QR Zoning,101,2,historical,8199353.079838734,1,-8199353.079838734
30000003,Tail-QR Zoning,101,3,historical,9150289.934037637,1,-9150289.934037637
30000004,Tail-QR Zoning,101,4,historical,3520855.586563744,1,-3520855.586563744
30000005,Tail-QR Zoning,101,5,historical,4526427.52463164,1,-4526427.52463164
30000006,Tail-QR Zoning,101,6,historical,3098823.141647499,1,-3098823.141647499
30000007,Tail-QR Zoning,101,7,historical,4686386.427570856,1,-4686386.427570856
30000008,Tail-QR Zoning,101,8,historical,5148647.720893177,1,-5148647.720893177
30000009,Tail-QR Zoning,101,9,historical,6527478.514306828,1,-6527478.514306828
30000010,Tail-QR Zoning,101,10,historical,10101295.166373415,1,-10101295.166373415
30000011,Tail-QR Zoning,101,11,historical,8698545.746222915,1,-8698545.746222915
30000012,Tail-QR Zoning,101,12,historical,6138020.566979836,1,-6138020.566979836
30000013,Tail-QR Zoning,101,13,historical,7046818.910761629,1,-7046818.910761629
30000014,Tail-QR Zoning,101,14,historical,10461436.413294505,1,-10461436.413294505
30000015,Tail-QR Zoning,101,15,historical,-1053430.0660290394,1,1053430.0660290394
30000016,Tail-QR Zoning,101,16,historical,2606308.7539979005,1,-2606308.7539979005
30000017,Tail-QR Zoning,101,17,historical,4563765.969894087,1,-4563765.969894087
30000018,Tail-QR Zoning,101,18,historical,6942223.319789929,1,-6942223.319789929
30000019,Tail-QR Zoning,101,19,historical,10997041.867338289,1,-10997041.867338289
30000020,Tail-QR Zoning,101,20,historical,5455843.817490564,1,-5455843.817490564
30000021,Tail-QR Zoning,101,21,historical,2342499.002836163,1,-2342499.002836163
30000022,Tail-QR Zoning,101,22,historical,6995310.852802478,1,-6995310.852802478
30000023,Tail-QR Zoning,101,23,historical,12520783.43505439,1,-12520783.43505439
30000024,Tail-QR Zoning,101,24,historical,8763808.673883352,1,-8763808.673883352
30000025,Tail-QR Zoning,101,25,historical,14831649.28084124,1,-14831649.28084124
30000026,Tail-QR Zoning,101,26,historical,8198428.199286662,1,-8198428.199286662
30000027,Tail-QR Zoning,101,27,historical,7163249.89155627,1,-7163249.89155627
30000028,Tail-QR Zoning,101,28,historical,4403615.281243089,1,-4403615.281243089
30000029,Tail-QR Zoning,101,29,historical,2455149.765285912,1,-2455149.765285912
30000030,Tail-QR Zoning,101,30,historical,11558714.43917424,1,-11558714.43917424
30000031,Tail-QR Zoning,101,31,historical,7517468.464796956,1,-7517468.464796956
30000032,Tail-QR Zoning,101,32,historical,4955046.025783302,1,-4955046.025783302
30000033,Tail-QR Zoning,101,33,historical,13991782.155814067,1,-13991782.155814067
30000034,Tail-QR Zoning,101,34,historical,10721620.471863309,1,-10721620.471863309
30000035,Tail-QR Zoning,101,35,historical,5990986.3275135,1,-5990986.3275135
30000036,Tail-QR Zoning,101,36,historical,7351035.15115972,1,-7351035.15115972
30000037,Tail-QR Zoning,101,37,historical,7130339.610313383,1,-7130339.610313383
30000038,Tail-QR Zoning,101,38,historical,5713297.79511538,1,-5713297.79511538
30000039,Tail-QR Zoning,101,39,historical,13956371.682515394,1,-13956371.682515394
30000040,Tail-QR Zoning,101,40,historical,2562614.0783441,1,-2562614.0783441
30000041,Tail-QR Zoning,101,41,historical,3589828.137709442,1,-3589828.137709442
30000042,Tail-QR Zoning,101,42,historical,5957660.251925109,1,-5957660.251925109
30000043,Tail-QR Zoning,101,43,historical,9280642.70509261,1,-9280642.70509261
30000044,Tail-QR Zoning,101,44,historical,8322351.476622076,1,-8322351.476622076
30000045,Tail-QR Zoning,101,45,historical,7153169.166831457,1,-7153169.166831457
30000046,Tail-QR Zoning,101,46,historical,9365472.267260622,1,-9365472.267260622
30000047,Tail-QR Zoning,101,47,historical,11191706.982039394,1,-11191706.982039394
30000048,Tail-QR Zoning,101,48,historical,8058916.2783653615,1,-8058916.2783653615
30000049,Tail-QR Zoning,101,49,historical,7977312.623532867,1,-7977312.623532867
30000050,Tail-QR Zoning,101,50,historical,6633034.928482144,1,-6633034.928482144
30000051,Tail-QR Zoning,101,51,historical,6861036.5748041505,1,-6861036.5748041505
30000052,Tail-QR Zoning,101,52,historical,3614401.4597764565,1,-3614401.4597764565
30000053,Tail-QR Zoning,101,53,historical,6213845.252517357,1,-6213845.252517357
30000054,Tail-QR Zoning,101,54,historical,7483160.760692475,1,-7483160.760692475
30000055,Tail-QR Zoning,101,55,historical,8239319.4909909675,1,-8239319.4909909675
30000056,Tail-QR Zoning,101,56,historical,2275283.0775643503,1,-2275283.0775643503
30000057,Tail-QR Zoning,101,57,historical,4249013.913526207,1,-4249013.913526207
30000058,Tail-QR Zoning,101,58,historical,6849720.419773729,1,-6849720.419773729
30000059,Tail-QR Zoning,101,59,historical,8225566.769927625,1,-8225566.769927625
30000060,Tail-QR Zoning,101,60,historical,10029650.694440765,1,-10029650.694440765
30000061,Tail-QR Zoning,101,61,historical,8737126.015263962,1,-8737126.015263962
30000062,Tail-QR Zoning,101,62,historical,7876439.413576059,1,-7876439.413576059
30000063,Tail-QR Zoning,101,63,historical,9753753.159730611,1,-9753753.159730611
30000064,Tail-QR Zoning,101,64,historical,5616943.572896274,1,-5616943.572896274
30000065,Tail-QR Zoning,101,65,historical,7912934.289895538,1,-7912934.289895538
30000066,Tail-QR Zoning,101,66,historical,4260181.50798012,1,-4260181.50798012
30000067,Tail-QR Zoning,101,67,historical,9108378.579395082,1,-9108378.579395082
30000068,Tail-QR Zoning,101,68,historical,6441934.65174622,1,-6441934.65174622
30000069,Tail-QR Zoning,101,69,historical,7675949.762355378,1,-7675949.762355378
30000070,Tail-QR Zoning,101,70,historical,-1053272.9569954677,1,1053272.9569954677
30000071,Tail-QR Zoning,101,71,historical,6857852.059622798,1,-6857852.059622798
30000072,Tail-QR Zoning,101,72,historical,4546068.255787241,1,-4546068.255787241
30000073,Tail-QR Zoning,101,73,historical,9947996.650369776,1,-9947996.650369776
30000074,Tail-QR Zoning,101,74,historical,7949406.66477157,1,-7949406.66477157
30000075,Tail-QR Zoning,101,75,historical,4061072.650042963,1,-4061072.650042963
30000076,Tail-QR Zoning,101,76,historical,4923722.471138386,1,-4923722.471138386
30000077,Tail-QR Zoning,101,77,historical,6438583.17949111,1,-6438583.17949111
30000078,Tail-QR Zoning,101,78,historical,7615630.52286257,1,-7615630.52286257
30000079,Tail-QR Zoning,101,79,historical,7832461.395590808,1,-7832461.395590808
30000080,Tail-QR Zoning,101,80,historical,6697881.71114403,1,-6697881.71114403
30000081,Tail-QR Zoning,101,81,historical,8815313.45922823,1,-8815313.45922823
30000082,Tail-QR Zoning,101,82,historical,11358377.678737933,1,-11358377.678737933
30000083,Tail-QR Zoning,101,83,historical,5027409.330584912,1,-5027409.330584912
30000084,Tail-QR Zoning,101,84,historical,5366234.406693194,1,-5366234.406693194
30000085,Tail-QR Zoning,101,85,historical,7720009.725333773,1,-7720009.725333773
30000086,Tail-QR Zoning,101,86,historical,11508913.14258873,1,-11508913.14258873
30000087,Tail-QR Zoning,101,87,historical,1986370.3784420027,1,-1986370.3784420027
30000088,Tail-QR Zoning,101,88,historical,7512819.413795614,1,-7512819.413795614
30000089,Tail-QR Zoning,101,89,historical,2698492.4415774643,1,-2698492.4415774643
30000090,Tail-QR Zoning,101,90,historical,3742546.3899122337,1,-3742546.3899122337
30000091,Tail-QR Zoning,101,91,historical,2285786.3727969676,1,-2285786.3727969676
30000092,Tail-QR Zoning,101,92,historical,1744368.2132900713,1,-1744368.2132900713
30000093,Tail-QR Zoning,101,93,historical,4099009.3938875003,1,-4099009.3938875003
30000094,Tail-QR Zoning,101,94,historical,5449577.538417451,1,-5449577.538417451
30000095,Tail-QR Zoning,101,95,historical,11264216.488995153,1,-11264216.488995153
30000096,Tail-QR Zoning,101,96,historical,6669135.711312691,1,-6669135.711312691
30000097,Tail-QR Zoning,101,97,historical,6585939.494424345,1,-6585939.494424345
30000098,Tail-QR Zoning,101,98,historical,6057820.22704506,1,-6057820.22704506
30000099,Tail-QR Zoning,101,99,historical,11811688.86535035,1,-11811688.86535035
30100000,Static Zoning,202,0,historical,10400774.351274433,0,-10400774.351274433
30100001,Static Zoning,202,1,historical,11454917.479839353,0,-11454917.479839353
30100002,Static Zoning,202,2,historical,8061884.217376105,0,-8061884.217376105
30100003,Static Zoning,202,3,historical,8970630.877189785,0,-8970630.877189785
30100004,Static Zoning,202,4,historical,7058009.026333062,0,-7058009.026333062
30100005,Static Zoning,202,5,historical,6473197.881402895,0,-6473197.881402895
30100006,Static Zoning,202,6,historical,8665851.606268685,0,-8665851.606268685
30100007,Static Zoning,202,7,historical,9285249.439462457,0,-9285249.439462457
30100008,Static Zoning,202,8,historical,6826651.378208589,0,-6826651.378208589
30100009,Static Zoning,202,9,historical,5673193.303328589,0,-5673193.303328589
30100010,Static Zoning,202,10,historical,10069312.441674665,0,-10069312.441674665
30100011,Static Zoning,202,11,historical,2008727.3333832046,0,-2008727.3333832046
30100012,Static Zoning,202,12,historical,10158488.332018344,0,-10158488.332018344
30100013,Static Zoning,202,13,historical,7551731.771304476,0,-7551731.771304476
30100014,Static Zoning,202,14,historical,4180912.387776712,0,-4180912.387776712
30100015,Static Zoning,202,15,historical,8198167.225479407,0,-8198167.225479407
30100016,Static Zoning,202,16,historical,7064915.81889779,0,-7064915.81889779
30100017,Static Zoning,202,17,historical,9190404.54706175,0,-9190404.54706175
30100018,Static Zoning,202,18,historical,4628583.802575186,0,-4628583.802575186
30100019,Static Zoning,202,19,historical,10560525.92611721,0,-10560525.92611721
30100020,Static Zoning,202,20,historical,3432020.188041592,0,-3432020.188041592
30100021,Static Zoning,202,21,historical,6442283.2198378695,0,-6442283.2198378695
30100022,Static Zoning,202,22,historical,12371059.843085844,0,-12371059.843085844
30100023,Static Zoning,202,23,historical,8353706.792430655,0,-8353706.792430655
30100024,Static Zoning,202,24,historical,6102208.114768263,0,-6102208.114768263
30100025,Static Zoning,202,25,historical,12589077.734272892,0,-12589077.734272892
30100026,Static Zoning,202,26,historical,6994198.376074043,0,-6994198.376074043
30100027,Static Zoning,202,27,historical,7792646.582905208,0,-7792646.582905208
30100028,Static Zoning,202,28,historical,6643868.296114998,0,-6643868.296114998
30100029,Static Zoning,202,29,historical,3796082.35757322,0,-3796082.35757322
30100030,Static Zoning,202,30,historical,6250352.311264846,0,-6250352.311264846
30100031,Static Zoning,202,31,historical,10124245.900348902,0,-10124245.900348902
30100032,Static Zoning,202,32,historical,8462660.519069074,0,-8462660.519069074
30100033,Static Zoning,202,33,historical,9282012.924092162,0,-9282012.924092162
30100034,Static Zoning,202,34,historical,6103904.829975102,0,-6103904.829975102
30100035,Static Zoning,202,35,historical,4052950.048445886,0,-4052950.048445886
30100036,Static Zoning,202,36,historical,5762565.41277778,0,-5762565.41277778
30100037,Static Zoning,202,37,historical,7437589.7254848005,0,-7437589.7254848005
30100038,Static Zoning,202,38,historical,8941860.615040863,0,-8941860.615040863
30100039,Static Zoning,202,39,historical,4469643.291321594,0,-4469643.291321594
30100040,Static Zoning,202,40,historical,1940542.021818845,0,-1940542.021818845
30100041,Static Zoning,202,41,historical,5927558.402279546,0,-5927558.402279546
30100042,Static Zoning,202,42,historical,5327375.124497958,0,-5327375.124497958
30100043,Static Zoning,202,43,historical,3415772.716208247,0,-3415772.716208247
30100044,Static Zoning,202,44,historical,8188682.324212592,0,-8188682.324212592
30100045,Static Zoning,202,45,historical,8868768.973022796,0,-8868768.973022796
30100046,Static Zoning,202,46,historical,1497180.8036222188,0,-1497180.8036222188
30100047,Static Zoning,202,47,historical,8521320.676266842,0,-8521320.676266842
30100048,Static Zoning,202,48,historical,2667349.288921468,0,-2667349.288921468
30100049,Static Zoning,202,49,historical,9288792.249245986,0,-9288792.249245986
30100050,Static Zoning,202,50,historical,11962259.666353108,0,-11962259.666353108
30100051,Static Zoning,202,51,historical,9070882.237288987,0,-9070882.237288987
30100052,Static Zoning,202,52,historical,8174876.317562441,0,-8174876.317562441
30100053,Static Zoning,202,53,historical,3336008.8593545947,0,-3336008.8593545947
30100054,Static Zoning,202,54,historical,8811621.95283321,0,-8811621.95283321
30100055,Static Zoning,202,55,historical,7935733.967888655,0,-7935733.967888655
30100056,Static Zoning,202,56,historical,7435302.67391416,0,-7435302.67391416
30100057,Static Zoning,202,57,historical,2799900.1700600777,0,-2799900.1700600777
30100058,Static Zoning,202,58,historical,6620143.131344435,0,-6620143.131344435
30100059,Static Zoning,202,59,historical,8032965.742502693,0,-8032965.742502693
30100060,Static Zoning,202,60,historical,3659495.3501384202,0,-3659495.3501384202
30100061,Static Zoning,202,61,historical,7608614.243620375,0,-7608614.243620375
30100062,Static Zoning,202,62,historical,7724994.895481018,0,-7724994.895481018
30100063,Static Zoning,202,63,historical,8087497.25386903,0,-8087497.25386903
30100064,Static Zoning,202,64,historical,4616650.875410527,0,-4616650.875410527
30100065,Static Zoning,202,65,historical,6632004.328696514,0,-6632004.328696514
30100066,Static Zoning,202,66,historical,2667596.657424651,0,-2667596.657424651
30100067,Static Zoning,202,67,historical,2182125.846025494,0,-2182125.846025494
30100068,Static Zoning,202,68,historical,5336508.664466244,0,-5336508.664466244
30100069,Static Zoning,202,69,historical,3170899.337362483,0,-3170899.337362483
30100070,Static Zoning,202,70,historical,9485770.671590913,0,-9485770.671590913
30100071,Static Zoning,202,71,historical,6362179.232020497,0,-6362179.232020497
30100072,Static Zoning,202,72,historical,3129740.6120525855,0,-3129740.6120525855
30100073,Static Zoning,202,73,historical,8434355.480821902,0,-8434355.480821902
30100074,Static Zoning,202,74,historical,7970617.310779035,0,-7970617.310779035
30100075,Static Zoning,202,75,historical,4649112.908979754,0,-4649112.908979754
30100076,Static Zoning,202,76,historical,5967201.311215546,0,-5967201.311215546
30100077,Static Zoning,202,77,historical,8967110.08862141,0,-8967110.08862141
30100078,Static Zoning,202,78,historical,10608212.629302165,0,-10608212.629302165
30100079,Static Zoning,202,79,historical,7635724.523642604,0,-7635724.523642604
30100080,Static Zoning,202,80,historical,8029565.853705869,0,-8029565.853705869
30100081,Static Zoning,202,81,historical,6510395.954473747,0,-6510395.954473747
30100082,Static Zoning,202,82,historical,4511066.09619304,0,-4511066.09619304
30100083,Static Zoning,202,83,historical,7555591.2764848,0,-7555591.2764848
30100084,Static Zoning,202,84,historical,5651635.529863151,0,-5651635.529863151
30100085,Static Zoning,202,85,historical,4933105.463439609,0,-4933105.463439609
30100086,Static Zoning,202,86,historical,5668914.786513526,0,-5668914.786513526
30100087,Static Zoning,202,87,historical,5777714.6955114445,0,-5777714.6955114445
30100088,Static Zoning,202,88,historical,3012613.903026256,0,-3012613.903026256
30100089,Static Zoning,202,89,historical,6316914.588101994,0,-6316914.588101994
30100090,Static Zoning,202,90,historical,10428148.013142854,0,-10428148.013142854
30100091,Static Zoning,202,91,historical,5168860.599374582,0,-5168860.599374582
30100092,Static Zoning,202,92,historical,6343603.330971543,0,-6343603.330971543
30100093,Static Zoning,202,93,historical,8615581.489112321,0,-8615581.489112321
30100094,Static Zoning,202,94,historical,8510966.730597733,0,-8510966.730597733
30100095,Static Zoning,202,95,historical,7189171.613099949,0,-7189171.613099949
30100096,Static Zoning,202,96,historical,8644768.5047569,0,-8644768.5047569
30100097,Static Zoning,202,97,historical,11556264.041911224,0,-11556264.041911224
30100098,Static Zoning,202,98,historical,6874511.913620478,0,-6874511.913620478
30100099,Static Zoning,202,99,historical,2795394.7451490574,0,-2795394.7451490574
30100000,Mean DQN,202,0,historical,10452888.256549753,4,-10452888.256549753
30100001,Mean DQN,202,1,historical,11509868.93418735,4,-11509868.93418735
30100002,Mean DQN,202,2,historical,8101237.408592957,4,-8101237.408592957
30100003,Mean DQN,202,3,historical,8988009.133712301,4,-8988009.133712301
30100004,Mean DQN,202,4,historical,7106118.315009646,4,-7106118.315009646
30100005,Mean DQN,202,5,historical,6541995.6687992485,4,-6541995.6687992485
30100006,Mean DQN,202,6,historical,8692146.463330712,4,-8692146.463330712
30100007,Mean DQN,202,7,historical,9343229.114033638,4,-9343229.114033638
30100008,Mean DQN,202,8,historical,6868010.931895424,4,-6868010.931895424
30100009,Mean DQN,202,9,historical,5728838.653435385,4,-5728838.653435385
30100010,Mean DQN,202,10,historical,10117651.250096587,4,-10117651.250096587
30100011,Mean DQN,202,11,historical,2056806.0529982473,4,-2056806.0529982473
30100012,Mean DQN,202,12,historical,10200212.361036688,4,-10200212.361036688
30100013,Mean DQN,202,13,historical,7591805.745772835,4,-7591805.745772835
30100014,Mean DQN,202,14,historical,4208179.437682081,4,-4208179.437682081
30100015,Mean DQN,202,15,historical,8225492.537079465,4,-8225492.537079465
30100016,Mean DQN,202,16,historical,7095934.589123418,4,-7095934.589123418
30100017,Mean DQN,202,17,historical,9232957.878890598,4,-9232957.878890598
30100018,Mean DQN,202,18,historical,4661834.818054982,4,-4661834.818054982
30100019,Mean DQN,202,19,historical,10572666.348731847,4,-10572666.348731847
30100020,Mean DQN,202,20,historical,3471175.5415262384,4,-3471175.5415262384
30100021,Mean DQN,202,21,historical,6469783.565877519,4,-6469783.565877519
30100022,Mean DQN,202,22,historical,12391574.516761651,4,-12391574.516761651
30100023,Mean DQN,202,23,historical,8365875.765405461,4,-8365875.765405461
30100024,Mean DQN,202,24,historical,6155298.380377266,4,-6155298.380377266
30100025,Mean DQN,202,25,historical,12572626.51945137,4,-12572626.51945137
30100026,Mean DQN,202,26,historical,7048508.195087935,4,-7048508.195087935
30100027,Mean DQN,202,27,historical,7768717.70373189,4,-7768717.70373189
30100028,Mean DQN,202,28,historical,6707681.645480266,4,-6707681.645480266
30100029,Mean DQN,202,29,historical,3840684.739008732,4,-3840684.739008732
30100030,Mean DQN,202,30,historical,6262501.793183864,4,-6262501.793183864
30100031,Mean DQN,202,31,historical,10157378.198441686,4,-10157378.198441686
30100032,Mean DQN,202,32,historical,8496837.648203459,4,-8496837.648203459
30100033,Mean DQN,202,33,historical,9317878.403530607,4,-9317878.403530607
30100034,Mean DQN,202,34,historical,6137215.837756908,4,-6137215.837756908
30100035,Mean DQN,202,35,historical,4051293.0277935383,4,-4051293.0277935383
30100036,Mean DQN,202,36,historical,5786603.777368134,4,-5786603.777368134
30100037,Mean DQN,202,37,historical,7459955.310156216,4,-7459955.310156216
30100038,Mean DQN,202,38,historical,8942571.517058462,4,-8942571.517058462
30100039,Mean DQN,202,39,historical,4492926.087417031,4,-4492926.087417031
30100040,Mean DQN,202,40,historical,1962583.0492460213,4,-1962583.0492460213
30100041,Mean DQN,202,41,historical,5956147.350134574,4,-5956147.350134574
30100042,Mean DQN,202,42,historical,5424880.365150929,4,-5424880.365150929
30100043,Mean DQN,202,43,historical,3478704.8361923513,4,-3478704.8361923513
30100044,Mean DQN,202,44,historical,8243883.184174446,4,-8243883.184174446
30100045,Mean DQN,202,45,historical,8899039.139170261,4,-8899039.139170261
30100046,Mean DQN,202,46,historical,1531714.1344500673,4,-1531714.1344500673
30100047,Mean DQN,202,47,historical,8562820.854285127,4,-8562820.854285127
30100048,Mean DQN,202,48,historical,2726684.567102568,4,-2726684.567102568
30100049,Mean DQN,202,49,historical,9318424.991511054,4,-9318424.991511054
30100050,Mean DQN,202,50,historical,12024376.544194805,4,-12024376.544194805
30100051,Mean DQN,202,51,historical,9119288.33684192,4,-9119288.33684192
30100052,Mean DQN,202,52,historical,8197161.44241006,4,-8197161.44241006
30100053,Mean DQN,202,53,historical,3382930.515035557,4,-3382930.515035557
30100054,Mean DQN,202,54,historical,8844481.954669409,4,-8844481.954669409
30100055,Mean DQN,202,55,historical,7994014.240796311,4,-7994014.240796311
30100056,Mean DQN,202,56,historical,7457756.536527591,4,-7457756.536527591
30100057,Mean DQN,202,57,historical,2810631.7977748965,4,-2810631.7977748965
30100058,Mean DQN,202,58,historical,6671112.045804134,4,-6671112.045804134
30100059,Mean DQN,202,59,historical,8087220.710847164,4,-8087220.710847164
30100060,Mean DQN,202,60,historical,3735211.554304252,4,-3735211.554304252
30100061,Mean DQN,202,61,historical,7683396.1894930545,4,-7683396.1894930545
30100062,Mean DQN,202,62,historical,7783132.383624611,4,-7783132.383624611
30100063,Mean DQN,202,63,historical,8121640.202197643,4,-8121640.202197643
30100064,Mean DQN,202,64,historical,4649315.908364787,4,-4649315.908364787
30100065,Mean DQN,202,65,historical,6646918.132140499,4,-6646918.132140499
30100066,Mean DQN,202,66,historical,2698950.1337872054,4,-2698950.1337872054
30100067,Mean DQN,202,67,historical,2271680.2898800643,4,-2271680.2898800643
30100068,Mean DQN,202,68,historical,5381660.964805629,4,-5381660.964805629
30100069,Mean DQN,202,69,historical,3238579.8634018297,4,-3238579.8634018297
30100070,Mean DQN,202,70,historical,9560088.6738739,4,-9560088.6738739
30100071,Mean DQN,202,71,historical,6398701.658379622,4,-6398701.658379622
30100072,Mean DQN,202,72,historical,3214846.4675840596,4,-3214846.4675840596
30100073,Mean DQN,202,73,historical,8478642.553965082,4,-8478642.553965082
30100074,Mean DQN,202,74,historical,7984281.36624457,4,-7984281.36624457
30100075,Mean DQN,202,75,historical,4684162.506250208,4,-4684162.506250208
30100076,Mean DQN,202,76,historical,6020200.038389254,4,-6020200.038389254
30100077,Mean DQN,202,77,historical,9022973.11090995,4,-9022973.11090995
30100078,Mean DQN,202,78,historical,10650374.939999696,4,-10650374.939999696
30100079,Mean DQN,202,79,historical,7661899.241447434,4,-7661899.241447434
30100080,Mean DQN,202,80,historical,8048346.701736083,4,-8048346.701736083
30100081,Mean DQN,202,81,historical,6633290.96663972,4,-6633290.96663972
30100082,Mean DQN,202,82,historical,4555923.725675499,4,-4555923.725675499
30100083,Mean DQN,202,83,historical,7599216.53193426,4,-7599216.53193426
30100084,Mean DQN,202,84,historical,5690668.568316951,4,-5690668.568316951
30100085,Mean DQN,202,85,historical,4961019.931889692,4,-4961019.931889692
30100086,Mean DQN,202,86,historical,5710772.314330197,4,-5710772.314330197
30100087,Mean DQN,202,87,historical,5799916.892485677,4,-5799916.892485677
30100088,Mean DQN,202,88,historical,3105166.163354856,4,-3105166.163354856
30100089,Mean DQN,202,89,historical,6339306.499196686,4,-6339306.499196686
30100090,Mean DQN,202,90,historical,10457365.604876101,4,-10457365.604876101
30100091,Mean DQN,202,91,historical,5227671.536444674,4,-5227671.536444674
30100092,Mean DQN,202,92,historical,6381694.875586138,4,-6381694.875586138
30100093,Mean DQN,202,93,historical,8672048.139710948,4,-8672048.139710948
30100094,Mean DQN,202,94,historical,8593501.707776751,4,-8593501.707776751
30100095,Mean DQN,202,95,historical,7279223.685585202,4,-7279223.685585202
30100096,Mean DQN,202,96,historical,8663713.493750684,4,-8663713.493750684
30100097,Mean DQN,202,97,historical,11600252.797292136,4,-11600252.797292136
30100098,Mean DQN,202,98,historical,6934142.371340629,4,-6934142.371340629
30100099,Mean DQN,202,99,historical,2801223.1259186603,4,-2801223.1259186603
30100000,QR Mean,202,0,historical,10454740.134455,4,-10454740.134455
30100001,QR Mean,202,1,historical,11500054.365142198,4,-11500054.365142198
30100002,QR Mean,202,2,historical,8097934.897434759,4,-8097934.897434759
30100003,QR Mean,202,3,historical,8988440.791459462,4,-8988440.791459462
30100004,QR Mean,202,4,historical,7097688.552465205,4,-7097688.552465205
30100005,QR Mean,202,5,historical,6532783.523565997,4,-6532783.523565997
30100006,QR Mean,202,6,historical,8680413.121054536,4,-8680413.121054536
30100007,QR Mean,202,7,historical,9335023.006104087,4,-9335023.006104087
30100008,QR Mean,202,8,historical,6870316.192855956,4,-6870316.192855956
30100009,QR Mean,202,9,historical,5723005.781514078,4,-5723005.781514078
30100010,QR Mean,202,10,historical,10124922.904185217,4,-10124922.904185217
30100011,QR Mean,202,11,historical,2056700.7578213415,4,-2056700.7578213415
30100012,QR Mean,202,12,historical,10189882.362033118,4,-10189882.362033118
30100013,QR Mean,202,13,historical,7583548.0164625645,4,-7583548.0164625645
30100014,QR Mean,202,14,historical,4212924.525855647,4,-4212924.525855647
30100015,QR Mean,202,15,historical,8230988.313075653,4,-8230988.313075653
30100016,QR Mean,202,16,historical,7128189.391866377,4,-7128189.391866377
30100017,QR Mean,202,17,historical,9226210.959473912,4,-9226210.959473912
30100018,QR Mean,202,18,historical,4657766.198539821,4,-4657766.198539821
30100019,QR Mean,202,19,historical,10580485.345720682,4,-10580485.345720682
30100020,QR Mean,202,20,historical,3470749.815366763,4,-3470749.815366763
30100021,QR Mean,202,21,historical,6476138.50080897,4,-6476138.50080897
30100022,QR Mean,202,22,historical,12377670.210880019,4,-12377670.210880019
30100023,QR Mean,202,23,historical,8376613.353682442,4,-8376613.353682442
30100024,QR Mean,202,24,historical,6137102.016124351,4,-6137102.016124351
30100025,QR Mean,202,25,historical,12574853.54435058,4,-12574853.54435058
30100026,QR Mean,202,26,historical,7049035.754368927,4,-7049035.754368927
30100027,QR Mean,202,27,historical,7786496.830731891,4,-7786496.830731891
30100028,QR Mean,202,28,historical,6698333.720665882,4,-6698333.720665882
30100029,QR Mean,202,29,historical,3856557.70712275,4,-3856557.70712275
30100030,QR Mean,202,30,historical,6256831.913947588,4,-6256831.913947588
30100031,QR Mean,202,31,historical,10167791.550555412,4,-10167791.550555412
30100032,QR Mean,202,32,historical,8491667.529998802,4,-8491667.529998802
30100033,QR Mean,202,33,historical,9308567.325361451,4,-9308567.325361451
30100034,QR Mean,202,34,historical,6136817.71366672,4,-6136817.71366672
30100035,QR Mean,202,35,historical,4086736.17294754,4,-4086736.17294754
30100036,QR Mean,202,36,historical,5810750.257601174,4,-5810750.257601174
30100037,QR Mean,202,37,historical,7477491.444674229,4,-7477491.444674229
30100038,QR Mean,202,38,historical,8962835.191122087,4,-8962835.191122087
30100039,QR Mean,202,39,historical,4509777.819802191,4,-4509777.819802191
30100040,QR Mean,202,40,historical,1990044.9260551997,4,-1990044.9260551997
30100041,QR Mean,202,41,historical,5957943.844942551,4,-5957943.844942551
30100042,QR Mean,202,42,historical,5404957.634841219,4,-5404957.634841219
30100043,QR Mean,202,43,historical,3460282.659803667,4,-3460282.659803667
30100044,QR Mean,202,44,historical,8247944.002697786,4,-8247944.002697786
30100045,QR Mean,202,45,historical,8899550.44745611,4,-8899550.44745611
30100046,QR Mean,202,46,historical,1530245.6728901041,4,-1530245.6728901041
30100047,QR Mean,202,47,historical,8560120.922693787,4,-8560120.922693787
30100048,QR Mean,202,48,historical,2729885.601382376,4,-2729885.601382376
30100049,QR Mean,202,49,historical,9307499.04726003,4,-9307499.04726003
30100050,QR Mean,202,50,historical,12019695.8198777,4,-12019695.8198777
30100051,QR Mean,202,51,historical,9121938.942985218,4,-9121938.942985218
30100052,QR Mean,202,52,historical,8201723.581941907,4,-8201723.581941907
30100053,QR Mean,202,53,historical,3380748.147254004,4,-3380748.147254004
30100054,QR Mean,202,54,historical,8846250.04143288,4,-8846250.04143288
30100055,QR Mean,202,55,historical,7987958.739835959,4,-7987958.739835959
30100056,QR Mean,202,56,historical,7461102.038748307,4,-7461102.038748307
30100057,QR Mean,202,57,historical,2821087.944316614,4,-2821087.944316614
30100058,QR Mean,202,58,historical,6655614.350386598,4,-6655614.350386598
30100059,QR Mean,202,59,historical,8093248.783422532,4,-8093248.783422532
30100060,QR Mean,202,60,historical,3730260.3340108893,4,-3730260.3340108893
30100061,QR Mean,202,61,historical,7674098.15668722,4,-7674098.15668722
30100062,QR Mean,202,62,historical,7775560.41772642,4,-7775560.41772642
30100063,QR Mean,202,63,historical,8104625.298348171,4,-8104625.298348171
30100064,QR Mean,202,64,historical,4641295.510980014,4,-4641295.510980014
30100065,QR Mean,202,65,historical,6657068.626005533,4,-6657068.626005533
30100066,QR Mean,202,66,historical,2696625.9823768535,4,-2696625.9823768535
30100067,QR Mean,202,67,historical,2259840.128917003,4,-2259840.128917003
30100068,QR Mean,202,68,historical,5385107.759264489,4,-5385107.759264489
30100069,QR Mean,202,69,historical,3228823.6894729445,4,-3228823.6894729445
30100070,QR Mean,202,70,historical,9550389.514277259,4,-9550389.514277259
30100071,QR Mean,202,71,historical,6390697.700812271,4,-6390697.700812271
30100072,QR Mean,202,72,historical,3221128.7818058897,4,-3221128.7818058897
30100073,QR Mean,202,73,historical,8482259.035596963,4,-8482259.035596963
30100074,QR Mean,202,74,historical,7982382.009860087,4,-7982382.009860087
30100075,QR Mean,202,75,historical,4688255.812591895,4,-4688255.812591895
30100076,QR Mean,202,76,historical,6025502.051131269,4,-6025502.051131269
30100077,QR Mean,202,77,historical,9015965.508737195,4,-9015965.508737195
30100078,QR Mean,202,78,historical,10662519.36107767,4,-10662519.36107767
30100079,QR Mean,202,79,historical,7668407.85833119,4,-7668407.85833119
30100080,QR Mean,202,80,historical,8061491.968637483,4,-8061491.968637483
30100081,QR Mean,202,81,historical,6630989.5764379725,4,-6630989.5764379725
30100082,QR Mean,202,82,historical,4554232.688967026,4,-4554232.688967026
30100083,QR Mean,202,83,historical,7595962.63005651,4,-7595962.63005651
30100084,QR Mean,202,84,historical,5686983.56133239,4,-5686983.56133239
30100085,QR Mean,202,85,historical,4961069.304475198,4,-4961069.304475198
30100086,QR Mean,202,86,historical,5696585.026683777,4,-5696585.026683777
30100087,QR Mean,202,87,historical,5803667.47553768,4,-5803667.47553768
30100088,QR Mean,202,88,historical,3099485.284891596,4,-3099485.284891596
30100089,QR Mean,202,89,historical,6345366.222992642,4,-6345366.222992642
30100090,QR Mean,202,90,historical,10468351.43529237,4,-10468351.43529237
30100091,QR Mean,202,91,historical,5211991.823983161,4,-5211991.823983161
30100092,QR Mean,202,92,historical,6388536.26283013,4,-6388536.26283013
30100093,QR Mean,202,93,historical,8653832.898144478,4,-8653832.898144478
30100094,QR Mean,202,94,historical,8592310.973869178,4,-8592310.973869178
30100095,QR Mean,202,95,historical,7266396.917354684,4,-7266396.917354684
30100096,QR Mean,202,96,historical,8666308.244245734,4,-8666308.244245734
30100097,QR Mean,202,97,historical,11598018.672367165,4,-11598018.672367165
30100098,QR Mean,202,98,historical,6920491.13382104,4,-6920491.13382104
30100099,QR Mean,202,99,historical,2792468.868504068,4,-2792468.868504068
30100000,Tail-QR Zoning,202,0,historical,10363455.161786702,2,-10363455.161786702
30100001,Tail-QR Zoning,202,1,historical,11417675.81676058,2,-11417675.81676058
30100002,Tail-QR Zoning,202,2,historical,8014687.528768375,2,-8014687.528768375
30100003,Tail-QR Zoning,202,3,historical,8929985.725130528,2,-8929985.725130528
30100004,Tail-QR Zoning,202,4,historical,7025541.726459115,2,-7025541.726459115
30100005,Tail-QR Zoning,202,5,historical,6430868.194772304,2,-6430868.194772304
30100006,Tail-QR Zoning,202,6,historical,8612696.52853236,2,-8612696.52853236
30100007,Tail-QR Zoning,202,7,historical,9254045.429000497,2,-9254045.429000497
30100008,Tail-QR Zoning,202,8,historical,6799094.783202536,2,-6799094.783202536
30100009,Tail-QR Zoning,202,9,historical,5624600.258998757,2,-5624600.258998757
30100010,Tail-QR Zoning,202,10,historical,10045386.034062592,2,-10045386.034062592
30100011,Tail-QR Zoning,202,11,historical,1971804.7292296854,2,-1971804.7292296854
30100012,Tail-QR Zoning,202,12,historical,10119036.169144083,2,-10119036.169144083
30100013,Tail-QR Zoning,202,13,historical,7502094.317439534,2,-7502094.317439534
30100014,Tail-QR Zoning,202,14,historical,4138177.0031221146,2,-4138177.0031221146
30100015,Tail-QR Zoning,202,15,historical,8169513.239166299,2,-8169513.239166299
30100016,Tail-QR Zoning,202,16,historical,7043724.440022871,2,-7043724.440022871
30100017,Tail-QR Zoning,202,17,historical,9160001.639717765,2,-9160001.639717765
30100018,Tail-QR Zoning,202,18,historical,4574156.329614205,2,-4574156.329614205
30100019,Tail-QR Zoning,202,19,historical,10514898.284201985,2,-10514898.284201985
30100020,Tail-QR Zoning,202,20,historical,3391006.6929463223,2,-3391006.6929463223
30100021,Tail-QR Zoning,202,21,historical,6403354.523157917,2,-6403354.523157917
30100022,Tail-QR Zoning,202,22,historical,12331094.898779491,2,-12331094.898779491
30100023,Tail-QR Zoning,202,23,historical,8318544.284532658,2,-8318544.284532658
30100024,Tail-QR Zoning,202,24,historical,6057675.365776222,2,-6057675.365776222
30100025,Tail-QR Zoning,202,25,historical,12546965.062253905,2,-12546965.062253905
30100026,Tail-QR Zoning,202,26,historical,6954327.77387266,2,-6954327.77387266
30100027,Tail-QR Zoning,202,27,historical,7759782.519250328,2,-7759782.519250328
30100028,Tail-QR Zoning,202,28,historical,6607904.5133228265,2,-6607904.5133228265
30100029,Tail-QR Zoning,202,29,historical,3767229.7755985362,2,-3767229.7755985362
30100030,Tail-QR Zoning,202,30,historical,6208372.161552344,2,-6208372.161552344
30100031,Tail-QR Zoning,202,31,historical,10097641.381654292,2,-10097641.381654292
30100032,Tail-QR Zoning,202,32,historical,8429585.767504105,2,-8429585.767504105
30100033,Tail-QR Zoning,202,33,historical,9243013.901649179,2,-9243013.901649179
30100034,Tail-QR Zoning,202,34,historical,6070553.689295786,2,-6070553.689295786
30100035,Tail-QR Zoning,202,35,historical,4019267.9885028736,2,-4019267.9885028736
30100036,Tail-QR Zoning,202,36,historical,5746807.290451977,2,-5746807.290451977
30100037,Tail-QR Zoning,202,37,historical,7401636.765917951,2,-7401636.765917951
30100038,Tail-QR Zoning,202,38,historical,8926197.426544152,2,-8926197.426544152
30100039,Tail-QR Zoning,202,39,historical,4458194.11134245,2,-4458194.11134245
30100040,Tail-QR Zoning,202,40,historical,1936013.8333886713,2,-1936013.8333886713
30100041,Tail-QR Zoning,202,41,historical,5898158.238401552,2,-5898158.238401552
30100042,Tail-QR Zoning,202,42,historical,5280951.150425191,2,-5280951.150425191
30100043,Tail-QR Zoning,202,43,historical,3366384.3409197982,2,-3366384.3409197982
30100044,Tail-QR Zoning,202,44,historical,8158355.713527389,2,-8158355.713527389
30100045,Tail-QR Zoning,202,45,historical,8830911.065842522,2,-8830911.065842522
30100046,Tail-QR Zoning,202,46,historical,1465955.2681871257,2,-1465955.2681871257
30100047,Tail-QR Zoning,202,47,historical,8478034.576901011,2,-8478034.576901011
30100048,Tail-QR Zoning,202,48,historical,2643059.4926004447,2,-2643059.4926004447
30100049,Tail-QR Zoning,202,49,historical,9245770.818173992,2,-9245770.818173992
30100050,Tail-QR Zoning,202,50,historical,11916386.661931425,2,-11916386.661931425
30100051,Tail-QR Zoning,202,51,historical,9038457.191440402,2,-9038457.191440402
30100052,Tail-QR Zoning,202,52,historical,8150511.179029829,2,-8150511.179029829
30100053,Tail-QR Zoning,202,53,historical,3315457.959579218,2,-3315457.959579218
30100054,Tail-QR Zoning,202,54,historical,8787959.48770019,2,-8787959.48770019
30100055,Tail-QR Zoning,202,55,historical,7893197.543116663,2,-7893197.543116663
30100056,Tail-QR Zoning,202,56,historical,7395911.1909129955,2,-7395911.1909129955
30100057,Tail-QR Zoning,202,57,historical,2773472.1075302456,2,-2773472.1075302456
30100058,Tail-QR Zoning,202,58,historical,6581645.326345415,2,-6581645.326345415
30100059,Tail-QR Zoning,202,59,historical,8012677.574496074,2,-8012677.574496074
30100060,Tail-QR Zoning,202,60,historical,3622657.915805433,2,-3622657.915805433
30100061,Tail-QR Zoning,202,61,historical,7567813.676739519,2,-7567813.676739519
30100062,Tail-QR Zoning,202,62,historical,7681678.93169535,2,-7681678.93169535
30100063,Tail-QR Zoning,202,63,historical,8053711.279023297,2,-8053711.279023297
30100064,Tail-QR Zoning,202,64,historical,4572266.782059711,2,-4572266.782059711
30100065,Tail-QR Zoning,202,65,historical,6604074.4287674315,2,-6604074.4287674315
30100066,Tail-QR Zoning,202,66,historical,2627008.8501224625,2,-2627008.8501224625
30100067,Tail-QR Zoning,202,67,historical,2160048.730629375,2,-2160048.730629375
30100068,Tail-QR Zoning,202,68,historical,5309757.63647938,2,-5309757.63647938
30100069,Tail-QR Zoning,202,69,historical,3138563.5618292224,2,-3138563.5618292224
30100070,Tail-QR Zoning,202,70,historical,9450367.990708921,2,-9450367.990708921
30100071,Tail-QR Zoning,202,71,historical,6324242.771786576,2,-6324242.771786576
30100072,Tail-QR Zoning,202,72,historical,3099452.4839128247,2,-3099452.4839128247
30100073,Tail-QR Zoning,202,73,historical,8404931.428959735,2,-8404931.428959735
30100074,Tail-QR Zoning,202,74,historical,7933321.933613624,2,-7933321.933613624
30100075,Tail-QR Zoning,202,75,historical,4622304.254355309,2,-4622304.254355309
30100076,Tail-QR Zoning,202,76,historical,5938003.5545088835,2,-5938003.5545088835
30100077,Tail-QR Zoning,202,77,historical,8929414.113140643,2,-8929414.113140643
30100078,Tail-QR Zoning,202,78,historical,10585516.156775432,2,-10585516.156775432
30100079,Tail-QR Zoning,202,79,historical,7601431.964923199,2,-7601431.964923199
30100080,Tail-QR Zoning,202,80,historical,8000608.8895863,2,-8000608.8895863
30100081,Tail-QR Zoning,202,81,historical,6465349.768629391,2,-6465349.768629391
30100082,Tail-QR Zoning,202,82,historical,4466905.856082564,2,-4466905.856082564
30100083,Tail-QR Zoning,202,83,historical,7520150.104090799,2,-7520150.104090799
30100084,Tail-QR Zoning,202,84,historical,5614071.519845296,2,-5614071.519845296
30100085,Tail-QR Zoning,202,85,historical,4888532.695315003,2,-4888532.695315003
30100086,Tail-QR Zoning,202,86,historical,5626393.40291556,2,-5626393.40291556
30100087,Tail-QR Zoning,202,87,historical,5743177.146249125,2,-5743177.146249125
30100088,Tail-QR Zoning,202,88,historical,2978251.692736498,2,-2978251.692736498
30100089,Tail-QR Zoning,202,89,historical,6274567.592017519,2,-6274567.592017519
30100090,Tail-QR Zoning,202,90,historical,10387743.203974891,2,-10387743.203974891
30100091,Tail-QR Zoning,202,91,historical,5128715.722093189,2,-5128715.722093189
30100092,Tail-QR Zoning,202,92,historical,6308616.8410690855,2,-6308616.8410690855
30100093,Tail-QR Zoning,202,93,historical,8556761.095545154,2,-8556761.095545154
30100094,Tail-QR Zoning,202,94,historical,8477539.820294876,2,-8477539.820294876
30100095,Tail-QR Zoning,202,95,historical,7144608.41231735,2,-7144608.41231735
30100096,Tail-QR Zoning,202,96,historical,8600897.17552222,2,-8600897.17552222
30100097,Tail-QR Zoning,202,97,historical,11525866.96891324,2,-11525866.96891324
30100098,Tail-QR Zoning,202,98,historical,6831520.711665327,2,-6831520.711665327
30100099,Tail-QR Zoning,202,99,historical,2753910.271885534,2,-2753910.271885534
30200000,Static Zoning,303,0,historical,6113316.078507786,0,-6113316.078507786
30200001,Static Zoning,303,1,historical,5829483.501691509,0,-5829483.501691509
30200002,Static Zoning,303,2,historical,11174187.801967273,0,-11174187.801967273
30200003,Static Zoning,303,3,historical,9739745.692628374,0,-9739745.692628374
30200004,Static Zoning,303,4,historical,8462158.650632845,0,-8462158.650632845
30200005,Static Zoning,303,5,historical,10927618.27507234,0,-10927618.27507234
30200006,Static Zoning,303,6,historical,5963137.129766751,0,-5963137.129766751
30200007,Static Zoning,303,7,historical,4990226.57994885,0,-4990226.57994885
30200008,Static Zoning,303,8,historical,12194610.372393671,0,-12194610.372393671
30200009,Static Zoning,303,9,historical,6240474.507402203,0,-6240474.507402203
30200010,Static Zoning,303,10,historical,10373640.517526412,0,-10373640.517526412
30200011,Static Zoning,303,11,historical,9031423.773358038,0,-9031423.773358038
30200012,Static Zoning,303,12,historical,13051021.240988404,0,-13051021.240988404
30200013,Static Zoning,303,13,historical,6253249.762555279,0,-6253249.762555279
30200014,Static Zoning,303,14,historical,7590364.904212387,0,-7590364.904212387
30200015,Static Zoning,303,15,historical,9925496.124658516,0,-9925496.124658516
30200016,Static Zoning,303,16,historical,6906624.737937181,0,-6906624.737937181
30200017,Static Zoning,303,17,historical,6829381.852931593,0,-6829381.852931593
30200018,Static Zoning,303,18,historical,3912031.6786209,0,-3912031.6786209
30200019,Static Zoning,303,19,historical,3463274.5945201293,0,-3463274.5945201293
30200020,Static Zoning,303,20,historical,9715958.859536592,0,-9715958.859536592
30200021,Static Zoning,303,21,historical,7062762.810775763,0,-7062762.810775763
30200022,Static Zoning,303,22,historical,8080072.258920337,0,-8080072.258920337
30200023,Static Zoning,303,23,historical,7482380.80063374,0,-7482380.80063374
30200024,Static Zoning,303,24,historical,8882223.61066198,0,-8882223.61066198
30200025,Static Zoning,303,25,historical,7886821.523963193,0,-7886821.523963193
30200026,Static Zoning,303,26,historical,6451003.028259439,0,-6451003.028259439
30200027,Static Zoning,303,27,historical,7115857.6523118615,0,-7115857.6523118615
30200028,Static Zoning,303,28,historical,7547739.675967052,0,-7547739.675967052
30200029,Static Zoning,303,29,historical,4068957.0672157626,0,-4068957.0672157626
30200030,Static Zoning,303,30,historical,5388808.682416255,0,-5388808.682416255
30200031,Static Zoning,303,31,historical,1135788.991888419,0,-1135788.991888419
30200032,Static Zoning,303,32,historical,8871005.799907593,0,-8871005.799907593
30200033,Static Zoning,303,33,historical,7860680.065317813,0,-7860680.065317813
30200034,Static Zoning,303,34,historical,9665201.667885715,0,-9665201.667885715
30200035,Static Zoning,303,35,historical,9619723.286597574,0,-9619723.286597574
30200036,Static Zoning,303,36,historical,7470743.789479335,0,-7470743.789479335
30200037,Static Zoning,303,37,historical,12676157.178283243,0,-12676157.178283243
30200038,Static Zoning,303,38,historical,4134159.5256496468,0,-4134159.5256496468
30200039,Static Zoning,303,39,historical,2883342.597501526,0,-2883342.597501526
30200040,Static Zoning,303,40,historical,6438068.507056103,0,-6438068.507056103
30200041,Static Zoning,303,41,historical,3452984.0011213887,0,-3452984.0011213887
30200042,Static Zoning,303,42,historical,12619887.75563406,0,-12619887.75563406
30200043,Static Zoning,303,43,historical,11893678.05034678,0,-11893678.05034678
30200044,Static Zoning,303,44,historical,3881800.9966626316,0,-3881800.9966626316
30200045,Static Zoning,303,45,historical,2203553.336738308,0,-2203553.336738308
30200046,Static Zoning,303,46,historical,6805966.638202252,0,-6805966.638202252
30200047,Static Zoning,303,47,historical,7797252.446076053,0,-7797252.446076053
30200048,Static Zoning,303,48,historical,1322628.6342011152,0,-1322628.6342011152
30200049,Static Zoning,303,49,historical,8184558.408370767,0,-8184558.408370767
30200050,Static Zoning,303,50,historical,1995947.4535079459,0,-1995947.4535079459
30200051,Static Zoning,303,51,historical,955748.0081173093,0,-955748.0081173093
30200052,Static Zoning,303,52,historical,7364719.113690266,0,-7364719.113690266
30200053,Static Zoning,303,53,historical,10214460.414992215,0,-10214460.414992215
30200054,Static Zoning,303,54,historical,8851464.463296168,0,-8851464.463296168
30200055,Static Zoning,303,55,historical,7317829.257408239,0,-7317829.257408239
30200056,Static Zoning,303,56,historical,7943679.934016207,0,-7943679.934016207
30200057,Static Zoning,303,57,historical,8713986.462097032,0,-8713986.462097032
30200058,Static Zoning,303,58,historical,1353640.1788592592,0,-1353640.1788592592
30200059,Static Zoning,303,59,historical,10458638.75248419,0,-10458638.75248419
30200060,Static Zoning,303,60,historical,8180773.655805984,0,-8180773.655805984
30200061,Static Zoning,303,61,historical,4625320.145595474,0,-4625320.145595474
30200062,Static Zoning,303,62,historical,7250236.590185525,0,-7250236.590185525
30200063,Static Zoning,303,63,historical,3529722.1682747626,0,-3529722.1682747626
30200064,Static Zoning,303,64,historical,8662240.418018186,0,-8662240.418018186
30200065,Static Zoning,303,65,historical,6371240.06715801,0,-6371240.06715801
30200066,Static Zoning,303,66,historical,8343511.93346468,0,-8343511.93346468
30200067,Static Zoning,303,67,historical,5035914.3769790325,0,-5035914.3769790325
30200068,Static Zoning,303,68,historical,8577328.277566329,0,-8577328.277566329
30200069,Static Zoning,303,69,historical,11778056.177283216,0,-11778056.177283216
30200070,Static Zoning,303,70,historical,7763522.058713501,0,-7763522.058713501
30200071,Static Zoning,303,71,historical,9903919.394256018,0,-9903919.394256018
30200072,Static Zoning,303,72,historical,8771248.552566757,0,-8771248.552566757
30200073,Static Zoning,303,73,historical,10615885.910649247,0,-10615885.910649247
30200074,Static Zoning,303,74,historical,2899764.1827191664,0,-2899764.1827191664
30200075,Static Zoning,303,75,historical,4198578.420845889,0,-4198578.420845889
30200076,Static Zoning,303,76,historical,6776677.423294026,0,-6776677.423294026
30200077,Static Zoning,303,77,historical,8558489.046356503,0,-8558489.046356503
30200078,Static Zoning,303,78,historical,6109273.389456676,0,-6109273.389456676
30200079,Static Zoning,303,79,historical,278780.9835322639,0,-278780.9835322639
30200080,Static Zoning,303,80,historical,3012607.8214537045,0,-3012607.8214537045
30200081,Static Zoning,303,81,historical,5571491.978431312,0,-5571491.978431312
30200082,Static Zoning,303,82,historical,5567040.613229341,0,-5567040.613229341
30200083,Static Zoning,303,83,historical,12819482.816006305,0,-12819482.816006305
30200084,Static Zoning,303,84,historical,8888250.376120497,0,-8888250.376120497
30200085,Static Zoning,303,85,historical,6020312.797393222,0,-6020312.797393222
30200086,Static Zoning,303,86,historical,5749561.031516445,0,-5749561.031516445
30200087,Static Zoning,303,87,historical,7072216.94739755,0,-7072216.94739755
30200088,Static Zoning,303,88,historical,970929.5632510671,0,-970929.5632510671
30200089,Static Zoning,303,89,historical,6613866.18086943,0,-6613866.18086943
30200090,Static Zoning,303,90,historical,6333139.647123509,0,-6333139.647123509
30200091,Static Zoning,303,91,historical,12409880.217941271,0,-12409880.217941271
30200092,Static Zoning,303,92,historical,8077242.986860145,0,-8077242.986860145
30200093,Static Zoning,303,93,historical,10208590.159526318,0,-10208590.159526318
30200094,Static Zoning,303,94,historical,5617573.948804973,0,-5617573.948804973
30200095,Static Zoning,303,95,historical,3677972.3546241736,0,-3677972.3546241736
30200096,Static Zoning,303,96,historical,1489765.2110204245,0,-1489765.2110204245
30200097,Static Zoning,303,97,historical,12230173.105906304,0,-12230173.105906304
30200098,Static Zoning,303,98,historical,10438947.74847651,0,-10438947.74847651
30200099,Static Zoning,303,99,historical,8228853.9939910015,0,-8228853.9939910015
30200000,Mean DQN,303,0,historical,6175415.356932924,3,-6175415.356932924
30200001,Mean DQN,303,1,historical,5861238.058831299,3,-5861238.058831299
30200002,Mean DQN,303,2,historical,11209993.126175486,3,-11209993.126175486
30200003,Mean DQN,303,3,historical,9759261.76784617,3,-9759261.76784617
30200004,Mean DQN,303,4,historical,8529117.154002903,3,-8529117.154002903
30200005,Mean DQN,303,5,historical,10966900.902992098,3,-10966900.902992098
30200006,Mean DQN,303,6,historical,5993279.830734776,3,-5993279.830734776
30200007,Mean DQN,303,7,historical,5026466.442525876,3,-5026466.442525876
30200008,Mean DQN,303,8,historical,12233572.590528097,3,-12233572.590528097
30200009,Mean DQN,303,9,historical,6260805.011737361,3,-6260805.011737361
30200010,Mean DQN,303,10,historical,10393470.025862899,3,-10393470.025862899
30200011,Mean DQN,303,11,historical,9070260.02402194,3,-9070260.02402194
30200012,Mean DQN,303,12,historical,13043845.88209494,3,-13043845.88209494
30200013,Mean DQN,303,13,historical,6311210.635955629,3,-6311210.635955629
30200014,Mean DQN,303,14,historical,7626482.157272447,3,-7626482.157272447
30200015,Mean DQN,303,15,historical,9937834.833847608,3,-9937834.833847608
30200016,Mean DQN,303,16,historical,6977689.841449802,3,-6977689.841449802
30200017,Mean DQN,303,17,historical,6836615.004114245,3,-6836615.004114245
30200018,Mean DQN,303,18,historical,3930601.575154638,3,-3930601.575154638
30200019,Mean DQN,303,19,historical,3502599.996679214,3,-3502599.996679214
30200020,Mean DQN,303,20,historical,9759181.40717267,3,-9759181.40717267
30200021,Mean DQN,303,21,historical,7128605.988664314,3,-7128605.988664314
30200022,Mean DQN,303,22,historical,8110474.669956282,3,-8110474.669956282
30200023,Mean DQN,303,23,historical,7526806.538229367,3,-7526806.538229367
30200024,Mean DQN,303,24,historical,8955705.31280146,3,-8955705.31280146
30200025,Mean DQN,303,25,historical,7900636.413524474,3,-7900636.413524474
30200026,Mean DQN,303,26,historical,6490541.7023651935,3,-6490541.7023651935
30200027,Mean DQN,303,27,historical,7167862.296227545,3,-7167862.296227545
30200028,Mean DQN,303,28,historical,7569105.413037109,3,-7569105.413037109
30200029,Mean DQN,303,29,historical,4129881.6226801155,3,-4129881.6226801155
30200030,Mean DQN,303,30,historical,5440110.439375111,3,-5440110.439375111
30200031,Mean DQN,303,31,historical,1166752.2054934525,3,-1166752.2054934525
30200032,Mean DQN,303,32,historical,8935821.83258329,3,-8935821.83258329
30200033,Mean DQN,303,33,historical,7936863.5519984495,3,-7936863.5519984495
30200034,Mean DQN,303,34,historical,9728410.53518024,3,-9728410.53518024
30200035,Mean DQN,303,35,historical,9666500.12820832,3,-9666500.12820832
30200036,Mean DQN,303,36,historical,7497185.887598842,3,-7497185.887598842
30200037,Mean DQN,303,37,historical,12702621.37926144,3,-12702621.37926144
30200038,Mean DQN,303,38,historical,4156772.095636389,3,-4156772.095636389
30200039,Mean DQN,303,39,historical,2887509.455567103,3,-2887509.455567103
30200040,Mean DQN,303,40,historical,6491384.741606021,3,-6491384.741606021
30200041,Mean DQN,303,41,historical,3476411.8475513537,3,-3476411.8475513537
30200042,Mean DQN,303,42,historical,12680726.977825578,3,-12680726.977825578
30200043,Mean DQN,303,43,historical,11949043.055916052,3,-11949043.055916052
30200044,Mean DQN,303,44,historical,3909117.1314467597,3,-3909117.1314467597
30200045,Mean DQN,303,45,historical,2258706.318355093,3,-2258706.318355093
30200046,Mean DQN,303,46,historical,6846730.952189851,3,-6846730.952189851
30200047,Mean DQN,303,47,historical,7813848.521095881,3,-7813848.521095881
30200048,Mean DQN,303,48,historical,1357412.7789858296,3,-1357412.7789858296
30200049,Mean DQN,303,49,historical,8249217.3450863855,3,-8249217.3450863855
30200050,Mean DQN,303,50,historical,2044392.7905363538,3,-2044392.7905363538
30200051,Mean DQN,303,51,historical,1016249.1094862364,3,-1016249.1094862364
30200052,Mean DQN,303,52,historical,7385293.410474174,3,-7385293.410474174
30200053,Mean DQN,303,53,historical,10238512.40435121,3,-10238512.40435121
30200054,Mean DQN,303,54,historical,8876399.512771595,3,-8876399.512771595
30200055,Mean DQN,303,55,historical,7359703.109141325,3,-7359703.109141325
30200056,Mean DQN,303,56,historical,7947458.941832265,3,-7947458.941832265
30200057,Mean DQN,303,57,historical,8747990.482972927,3,-8747990.482972927
30200058,Mean DQN,303,58,historical,1388217.9715384766,3,-1388217.9715384766
30200059,Mean DQN,303,59,historical,10469731.081524208,3,-10469731.081524208
30200060,Mean DQN,303,60,historical,8195299.27982902,3,-8195299.27982902
30200061,Mean DQN,303,61,historical,4615521.7778823795,3,-4615521.7778823795
30200062,Mean DQN,303,62,historical,7297356.122898155,3,-7297356.122898155
30200063,Mean DQN,303,63,historical,3592695.838538865,3,-3592695.838538865
30200064,Mean DQN,303,64,historical,8732305.247553082,3,-8732305.247553082
30200065,Mean DQN,303,65,historical,6427571.599784188,3,-6427571.599784188
30200066,Mean DQN,303,66,historical,8388039.884231171,3,-8388039.884231171
30200067,Mean DQN,303,67,historical,5073235.830954509,3,-5073235.830954509
30200068,Mean DQN,303,68,historical,8643993.672238596,3,-8643993.672238596
30200069,Mean DQN,303,69,historical,11793887.670097789,3,-11793887.670097789
30200070,Mean DQN,303,70,historical,7788337.822160072,3,-7788337.822160072
30200071,Mean DQN,303,71,historical,9962347.641935073,3,-9962347.641935073
30200072,Mean DQN,303,72,historical,8826101.789410252,3,-8826101.789410252
30200073,Mean DQN,303,73,historical,10610198.93560605,3,-10610198.93560605
30200074,Mean DQN,303,74,historical,2932540.5724968007,3,-2932540.5724968007
30200075,Mean DQN,303,75,historical,4216013.064817884,3,-4216013.064817884
30200076,Mean DQN,303,76,historical,6825310.647105621,3,-6825310.647105621
30200077,Mean DQN,303,77,historical,8609060.502633508,3,-8609060.502633508
30200078,Mean DQN,303,78,historical,6182693.194051307,3,-6182693.194051307
30200079,Mean DQN,303,79,historical,360140.8599430242,3,-360140.8599430242
30200080,Mean DQN,303,80,historical,3073487.80940081,3,-3073487.80940081
30200081,Mean DQN,303,81,historical,5626485.5741124,3,-5626485.5741124
30200082,Mean DQN,303,82,historical,5637878.299172352,3,-5637878.299172352
30200083,Mean DQN,303,83,historical,12845429.207536057,3,-12845429.207536057
30200084,Mean DQN,303,84,historical,8944389.162216512,3,-8944389.162216512
30200085,Mean DQN,303,85,historical,6092771.081566203,3,-6092771.081566203
30200086,Mean DQN,303,86,historical,5767924.877662489,3,-5767924.877662489
30200087,Mean DQN,303,87,historical,7095768.782095725,3,-7095768.782095725
30200088,Mean DQN,303,88,historical,998088.6830575047,3,-998088.6830575047
30200089,Mean DQN,303,89,historical,6678416.524378524,3,-6678416.524378524
30200090,Mean DQN,303,90,historical,6341507.319741004,3,-6341507.319741004
30200091,Mean DQN,303,91,historical,12433225.290682448,3,-12433225.290682448
30200092,Mean DQN,303,92,historical,8099804.543357326,3,-8099804.543357326
30200093,Mean DQN,303,93,historical,10271418.328418573,3,-10271418.328418573
30200094,Mean DQN,303,94,historical,5667783.806890952,3,-5667783.806890952
30200095,Mean DQN,303,95,historical,3726449.7187568746,3,-3726449.7187568746
30200096,Mean DQN,303,96,historical,1551414.3903112719,3,-1551414.3903112719
30200097,Mean DQN,303,97,historical,12207804.226030828,3,-12207804.226030828
30200098,Mean DQN,303,98,historical,10446663.536287421,3,-10446663.536287421
30200099,Mean DQN,303,99,historical,8260565.02192672,3,-8260565.02192672
30200000,QR Mean,303,0,historical,6170983.140876218,4,-6170983.140876218
30200001,QR Mean,303,1,historical,5874068.93929686,4,-5874068.93929686
30200002,QR Mean,303,2,historical,11199945.276763275,4,-11199945.276763275
30200003,QR Mean,303,3,historical,9748712.874306437,4,-9748712.874306437
30200004,QR Mean,303,4,historical,8518668.678059747,4,-8518668.678059747
30200005,QR Mean,303,5,historical,10967960.995449353,4,-10967960.995449353
30200006,QR Mean,303,6,historical,5992653.0700161215,4,-5992653.0700161215
30200007,QR Mean,303,7,historical,5017053.189251166,4,-5017053.189251166
30200008,QR Mean,303,8,historical,12224807.600017287,4,-12224807.600017287
30200009,QR Mean,303,9,historical,6251367.371201288,4,-6251367.371201288
30200010,QR Mean,303,10,historical,10394091.912152283,4,-10394091.912152283
30200011,QR Mean,303,11,historical,9063647.664016597,4,-9063647.664016597
30200012,QR Mean,303,12,historical,13031663.011031998,4,-13031663.011031998
30200013,QR Mean,303,13,historical,6300930.8713154765,4,-6300930.8713154765
30200014,QR Mean,303,14,historical,7620128.545365971,4,-7620128.545365971
30200015,QR Mean,303,15,historical,9960352.838618983,4,-9960352.838618983
30200016,QR Mean,303,16,historical,6983069.068560008,4,-6983069.068560008
30200017,QR Mean,303,17,historical,6847413.624716521,4,-6847413.624716521
30200018,QR Mean,303,18,historical,3947863.882966659,4,-3947863.882966659
30200019,QR Mean,303,19,historical,3489623.4104364156,4,-3489623.4104364156
30200020,QR Mean,303,20,historical,9764925.92296001,4,-9764925.92296001
30200021,QR Mean,303,21,historical,7152954.723939948,4,-7152954.723939948
30200022,QR Mean,303,22,historical,8119045.319917605,4,-8119045.319917605
30200023,QR Mean,303,23,historical,7522563.869320934,4,-7522563.869320934
30200024,QR Mean,303,24,historical,8935872.762830127,4,-8935872.762830127
30200025,QR Mean,303,25,historical,7897243.795079555,4,-7897243.795079555
30200026,QR Mean,303,26,historical,6480982.476894976,4,-6480982.476894976
30200027,QR Mean,303,27,historical,7158008.15979814,4,-7158008.15979814
30200028,QR Mean,303,28,historical,7563727.581459284,4,-7563727.581459284
30200029,QR Mean,303,29,historical,4128132.111147809,4,-4128132.111147809
30200030,QR Mean,303,30,historical,5492833.630430451,4,-5492833.630430451
30200031,QR Mean,303,31,historical,1197812.4410610686,4,-1197812.4410610686
30200032,QR Mean,303,32,historical,8917650.099567685,4,-8917650.099567685
30200033,QR Mean,303,33,historical,7944331.3803150775,4,-7944331.3803150775
30200034,QR Mean,303,34,historical,9732326.810496848,4,-9732326.810496848
30200035,QR Mean,303,35,historical,9659988.125759259,4,-9659988.125759259
30200036,QR Mean,303,36,historical,7513869.48062394,4,-7513869.48062394
30200037,QR Mean,303,37,historical,12683774.464298118,4,-12683774.464298118
30200038,QR Mean,303,38,historical,4169476.2271423303,4,-4169476.2271423303
30200039,QR Mean,303,39,historical,2921301.281038336,4,-2921301.281038336
30200040,QR Mean,303,40,historical,6481885.491214344,4,-6481885.491214344
30200041,QR Mean,303,41,historical,3481518.4453059826,4,-3481518.4453059826
30200042,QR Mean,303,42,historical,12679971.330488078,4,-12679971.330488078
30200043,QR Mean,303,43,historical,11969478.502195561,4,-11969478.502195561
30200044,QR Mean,303,44,historical,3910806.8415801083,4,-3910806.8415801083
30200045,QR Mean,303,45,historical,2250395.840933084,4,-2250395.840933084
30200046,QR Mean,303,46,historical,6865704.790853142,4,-6865704.790853142
30200047,QR Mean,303,47,historical,7826822.725116872,4,-7826822.725116872
30200048,QR Mean,303,48,historical,1349391.1828401373,4,-1349391.1828401373
30200049,QR Mean,303,49,historical,8244574.443682012,4,-8244574.443682012
30200050,QR Mean,303,50,historical,2027174.6056899412,4,-2027174.6056899412
30200051,QR Mean,303,51,historical,1018243.6333431734,4,-1018243.6333431734
30200052,QR Mean,303,52,historical,7385361.7098415615,4,-7385361.7098415615
30200053,QR Mean,303,53,historical,10245956.35943242,4,-10245956.35943242
30200054,QR Mean,303,54,historical,8869613.419441976,4,-8869613.419441976
30200055,QR Mean,303,55,historical,7364058.248249928,4,-7364058.248249928
30200056,QR Mean,303,56,historical,7951193.120110225,4,-7951193.120110225
30200057,QR Mean,303,57,historical,8735968.734320821,4,-8735968.734320821
30200058,QR Mean,303,58,historical,1382222.5617092452,4,-1382222.5617092452
30200059,QR Mean,303,59,historical,10476487.61864764,4,-10476487.61864764
30200060,QR Mean,303,60,historical,8186253.921657113,4,-8186253.921657113
30200061,QR Mean,303,61,historical,4612708.159973607,4,-4612708.159973607
30200062,QR Mean,303,62,historical,7301880.241967803,4,-7301880.241967803
30200063,QR Mean,303,63,historical,3587995.037961588,4,-3587995.037961588
30200064,QR Mean,303,64,historical,8718454.834884787,4,-8718454.834884787
30200065,QR Mean,303,65,historical,6411337.456193517,4,-6411337.456193517
30200066,QR Mean,303,66,historical,8376415.315123955,4,-8376415.315123955
30200067,QR Mean,303,67,historical,5076682.708156871,4,-5076682.708156871
30200068,QR Mean,303,68,historical,8648031.612793725,4,-8648031.612793725
30200069,QR Mean,303,69,historical,11800114.480612218,4,-11800114.480612218
30200070,QR Mean,303,70,historical,7799429.621498479,4,-7799429.621498479
30200071,QR Mean,303,71,historical,9970635.911997821,4,-9970635.911997821
30200072,QR Mean,303,72,historical,8813388.419047045,4,-8813388.419047045
30200073,QR Mean,303,73,historical,10623480.85898112,4,-10623480.85898112
30200074,QR Mean,303,74,historical,2927020.0083716395,4,-2927020.0083716395
30200075,QR Mean,303,75,historical,4216284.595011231,4,-4216284.595011231
30200076,QR Mean,303,76,historical,6813135.382061858,4,-6813135.382061858
30200077,QR Mean,303,77,historical,8609839.966884771,4,-8609839.966884771
30200078,QR Mean,303,78,historical,6159517.217214627,4,-6159517.217214627
30200079,QR Mean,303,79,historical,365519.5892858965,4,-365519.5892858965
30200080,QR Mean,303,80,historical,3063804.4097623876,4,-3063804.4097623876
30200081,QR Mean,303,81,historical,5629516.059378429,4,-5629516.059378429
30200082,QR Mean,303,82,historical,5644336.577355239,4,-5644336.577355239
30200083,QR Mean,303,83,historical,12841941.940360758,4,-12841941.940360758
30200084,QR Mean,303,84,historical,8937072.291486496,4,-8937072.291486496
30200085,QR Mean,303,85,historical,6087006.111340353,4,-6087006.111340353
30200086,QR Mean,303,86,historical,5775850.307746284,4,-5775850.307746284
30200087,QR Mean,303,87,historical,7128651.527318102,4,-7128651.527318102
30200088,QR Mean,303,88,historical,997739.1318844783,4,-997739.1318844783
30200089,QR Mean,303,89,historical,6664587.9547604285,4,-6664587.9547604285
30200090,QR Mean,303,90,historical,6337604.824489965,4,-6337604.824489965
30200091,QR Mean,303,91,historical,12439085.02579135,4,-12439085.02579135
30200092,QR Mean,303,92,historical,8096759.045274943,4,-8096759.045274943
30200093,QR Mean,303,93,historical,10275725.92692408,4,-10275725.92692408
30200094,QR Mean,303,94,historical,5643950.759258117,4,-5643950.759258117
30200095,QR Mean,303,95,historical,3719162.8729614248,4,-3719162.8729614248
30200096,QR Mean,303,96,historical,1575702.1610911817,4,-1575702.1610911817
30200097,QR Mean,303,97,historical,12205275.071587821,4,-12205275.071587821
30200098,QR Mean,303,98,historical,10446007.224661874,4,-10446007.224661874
30200099,QR Mean,303,99,historical,8262626.464063192,4,-8262626.464063192
30200000,Tail-QR Zoning,303,0,historical,6171752.4848510735,4,-6171752.4848510735
30200001,Tail-QR Zoning,303,1,historical,5873489.490950928,4,-5873489.490950928
30200002,Tail-QR Zoning,303,2,historical,11200889.648719154,4,-11200889.648719154
30200003,Tail-QR Zoning,303,3,historical,9749276.384615581,4,-9749276.384615581
30200004,Tail-QR Zoning,303,4,historical,8519925.330819251,4,-8519925.330819251
30200005,Tail-QR Zoning,303,5,historical,10968014.152902357,4,-10968014.152902357
30200006,Tail-QR Zoning,303,6,historical,5993180.113908751,4,-5993180.113908751
30200007,Tail-QR Zoning,303,7,historical,5016826.144357182,4,-5016826.144357182
30200008,Tail-QR Zoning,303,8,historical,12224649.384903863,4,-12224649.384903863
30200009,Tail-QR Zoning,303,9,historical,6252764.958790675,4,-6252764.958790675
30200010,Tail-QR Zoning,303,10,historical,10394429.225371175,4,-10394429.225371175
30200011,Tail-QR Zoning,303,11,historical,9064225.234238446,4,-9064225.234238446
30200012,Tail-QR Zoning,303,12,historical,13031783.96339727,4,-13031783.96339727
30200013,Tail-QR Zoning,303,13,historical,6300319.973008839,4,-6300319.973008839
30200014,Tail-QR Zoning,303,14,historical,7620933.869150579,4,-7620933.869150579
30200015,Tail-QR Zoning,303,15,historical,9961234.661956405,4,-9961234.661956405
30200016,Tail-QR Zoning,303,16,historical,6982984.609462116,4,-6982984.609462116
30200017,Tail-QR Zoning,303,17,historical,6848619.283651721,4,-6848619.283651721
30200018,Tail-QR Zoning,303,18,historical,3948554.88479368,4,-3948554.88479368
30200019,Tail-QR Zoning,303,19,historical,3489509.095138308,4,-3489509.095138308
30200020,Tail-QR Zoning,303,20,historical,9766044.983609026,4,-9766044.983609026
30200021,Tail-QR Zoning,303,21,historical,7154272.134024218,4,-7154272.134024218
30200022,Tail-QR Zoning,303,22,historical,8120455.827794829,4,-8120455.827794829
30200023,Tail-QR Zoning,303,23,historical,7523323.39795585,4,-7523323.39795585
30200024,Tail-QR Zoning,303,24,historical,8935359.684190042,4,-8935359.684190042
30200025,Tail-QR Zoning,303,25,historical,7897513.8660847945,4,-7897513.8660847945
30200026,Tail-QR Zoning,303,26,historical,6480470.279422029,4,-6480470.279422029
30200027,Tail-QR Zoning,303,27,historical,7159063.044299018,4,-7159063.044299018
30200028,Tail-QR Zoning,303,28,historical,7563806.690862708,4,-7563806.690862708
30200029,Tail-QR Zoning,303,29,historical,4128782.7470167642,4,-4128782.7470167642
30200030,Tail-QR Zoning,303,30,historical,5492711.121158997,4,-5492711.121158997
30200031,Tail-QR Zoning,303,31,historical,1197736.9260471005,4,-1197736.9260471005
30200032,Tail-QR Zoning,303,32,historical,8918306.181525666,4,-8918306.181525666
30200033,Tail-QR Zoning,303,33,historical,7944629.249235823,4,-7944629.249235823
30200034,Tail-QR Zoning,303,34,historical,9733116.308018666,4,-9733116.308018666
30200035,Tail-QR Zoning,303,35,historical,9660586.466899386,4,-9660586.466899386
30200036,Tail-QR Zoning,303,36,historical,7515072.384392348,4,-7515072.384392348
30200037,Tail-QR Zoning,303,37,historical,12684255.76596498,4,-12684255.76596498
30200038,Tail-QR Zoning,303,38,historical,4169873.252950782,4,-4169873.252950782
30200039,Tail-QR Zoning,303,39,historical,2921617.501750675,4,-2921617.501750675
30200040,Tail-QR Zoning,303,40,historical,6482802.213082491,4,-6482802.213082491
30200041,Tail-QR Zoning,303,41,historical,3481804.426262,4,-3481804.426262
30200042,Tail-QR Zoning,303,42,historical,12679739.908039339,4,-12679739.908039339
30200043,Tail-QR Zoning,303,43,historical,11969872.661079044,4,-11969872.661079044
30200044,Tail-QR Zoning,303,44,historical,3911916.9410135564,4,-3911916.9410135564
30200045,Tail-QR Zoning,303,45,historical,2252108.239234766,4,-2252108.239234766
30200046,Tail-QR Zoning,303,46,historical,6866243.997111422,4,-6866243.997111422
30200047,Tail-QR Zoning,303,47,historical,7828055.333324837,4,-7828055.333324837
30200048,Tail-QR Zoning,303,48,historical,1350074.393019645,4,-1350074.393019645
30200049,Tail-QR Zoning,303,49,historical,8244338.324526748,4,-8244338.324526748
30200050,Tail-QR Zoning,303,50,historical,2027928.0075141953,4,-2027928.0075141953
30200051,Tail-QR Zoning,303,51,historical,1018525.6176236982,4,-1018525.6176236982
30200052,Tail-QR Zoning,303,52,historical,7386079.693033014,4,-7386079.693033014
30200053,Tail-QR Zoning,303,53,historical,10247738.038289513,4,-10247738.038289513
30200054,Tail-QR Zoning,303,54,historical,8868822.23294947,4,-8868822.23294947
30200055,Tail-QR Zoning,303,55,historical,7364916.131577695,4,-7364916.131577695
30200056,Tail-QR Zoning,303,56,historical,7951819.5729109105,4,-7951819.5729109105
30200057,Tail-QR Zoning,303,57,historical,8736957.175722718,4,-8736957.175722718
30200058,Tail-QR Zoning,303,58,historical,1383331.6090826576,4,-1383331.6090826576
30200059,Tail-QR Zoning,303,59,historical,10477275.591365425,4,-10477275.591365425
30200060,Tail-QR Zoning,303,60,historical,8186457.430416122,4,-8186457.430416122
30200061,Tail-QR Zoning,303,61,historical,4613515.941188376,4,-4613515.941188376
30200062,Tail-QR Zoning,303,62,historical,7302479.270986363,4,-7302479.270986363
30200063,Tail-QR Zoning,303,63,historical,3588695.798584886,4,-3588695.798584886
30200064,Tail-QR Zoning,303,64,historical,8718913.284318682,4,-8718913.284318682
30200065,Tail-QR Zoning,303,65,historical,6411020.437871927,4,-6411020.437871927
30200066,Tail-QR Zoning,303,66,historical,8377306.8635452045,4,-8377306.8635452045
30200067,Tail-QR Zoning,303,67,historical,5078263.344754437,4,-5078263.344754437
30200068,Tail-QR Zoning,303,68,historical,8649779.482441785,4,-8649779.482441785
30200069,Tail-QR Zoning,303,69,historical,11799649.453751769,4,-11799649.453751769
30200070,Tail-QR Zoning,303,70,historical,7801090.576083874,4,-7801090.576083874
30200071,Tail-QR Zoning,303,71,historical,9971506.838580951,4,-9971506.838580951
30200072,Tail-QR Zoning,303,72,historical,8813380.016421994,4,-8813380.016421994
30200073,Tail-QR Zoning,303,73,historical,10623604.220060248,4,-10623604.220060248
30200074,Tail-QR Zoning,303,74,historical,2927462.057904636,4,-2927462.057904636
30200075,Tail-QR Zoning,303,75,historical,4216662.317850804,4,-4216662.317850804
30200076,Tail-QR Zoning,303,76,historical,6813697.472492844,4,-6813697.472492844
30200077,Tail-QR Zoning,303,77,historical,8610895.948759666,4,-8610895.948759666
30200078,Tail-QR Zoning,303,78,historical,6159678.096872661,4,-6159678.096872661
30200079,Tail-QR Zoning,303,79,historical,367675.5660151413,4,-367675.5660151413
30200080,Tail-QR Zoning,303,80,historical,3065003.029791511,4,-3065003.029791511
30200081,Tail-QR Zoning,303,81,historical,5629099.175280128,4,-5629099.175280128
30200082,Tail-QR Zoning,303,82,historical,5645367.708156628,4,-5645367.708156628
30200083,Tail-QR Zoning,303,83,historical,12842361.737722797,4,-12842361.737722797
30200084,Tail-QR Zoning,303,84,historical,8936853.782744393,4,-8936853.782744393
30200085,Tail-QR Zoning,303,85,historical,6087874.347992362,4,-6087874.347992362
30200086,Tail-QR Zoning,303,86,historical,5776418.755576544,4,-5776418.755576544
30200087,Tail-QR Zoning,303,87,historical,7128353.083306067,4,-7128353.083306067
30200088,Tail-QR Zoning,303,88,historical,997172.0133801356,4,-997172.0133801356
30200089,Tail-QR Zoning,303,89,historical,6666820.639806561,4,-6666820.639806561
30200090,Tail-QR Zoning,303,90,historical,6336992.019406809,4,-6336992.019406809
30200091,Tail-QR Zoning,303,91,historical,12439264.911104813,4,-12439264.911104813
30200092,Tail-QR Zoning,303,92,historical,8096650.188570086,4,-8096650.188570086
30200093,Tail-QR Zoning,303,93,historical,10275299.1801349,4,-10275299.1801349
30200094,Tail-QR Zoning,303,94,historical,5645434.434286888,4,-5645434.434286888
30200095,Tail-QR Zoning,303,95,historical,3718573.1080665844,4,-3718573.1080665844
30200096,Tail-QR Zoning,303,96,historical,1576223.5461849594,4,-1576223.5461849594
30200097,Tail-QR Zoning,303,97,historical,12204876.87860753,4,-12204876.87860753
30200098,Tail-QR Zoning,303,98,historical,10446844.694174433,4,-10446844.694174433
30200099,Tail-QR Zoning,303,99,historical,8264362.273181708,4,-8264362.273181708
30300000,Static Zoning,404,0,historical,11740215.214625673,0,-11740215.214625673
30300001,Static Zoning,404,1,historical,5095528.446884111,0,-5095528.446884111
30300002,Static Zoning,404,2,historical,7634596.552600231,0,-7634596.552600231
30300003,Static Zoning,404,3,historical,8795650.48326562,0,-8795650.48326562
30300004,Static Zoning,404,4,historical,10436628.026857592,0,-10436628.026857592
30300005,Static Zoning,404,5,historical,4645125.077424207,0,-4645125.077424207
30300006,Static Zoning,404,6,historical,6181564.0974377245,0,-6181564.0974377245
30300007,Static Zoning,404,7,historical,9891408.945351673,0,-9891408.945351673
30300008,Static Zoning,404,8,historical,5748924.535063697,0,-5748924.535063697
30300009,Static Zoning,404,9,historical,10853926.20430872,0,-10853926.20430872
30300010,Static Zoning,404,10,historical,5881615.568094099,0,-5881615.568094099
30300011,Static Zoning,404,11,historical,10057329.87197686,0,-10057329.87197686
30300012,Static Zoning,404,12,historical,8769976.977738548,0,-8769976.977738548
30300013,Static Zoning,404,13,historical,3700041.1706213066,0,-3700041.1706213066
30300014,Static Zoning,404,14,historical,7332045.90402583,0,-7332045.90402583
30300015,Static Zoning,404,15,historical,11964921.023986375,0,-11964921.023986375
30300016,Static Zoning,404,16,historical,6162082.081700277,0,-6162082.081700277
30300017,Static Zoning,404,17,historical,5307383.370432062,0,-5307383.370432062
30300018,Static Zoning,404,18,historical,10482619.596993238,0,-10482619.596993238
30300019,Static Zoning,404,19,historical,8668904.203375446,0,-8668904.203375446
30300020,Static Zoning,404,20,historical,1285188.304182062,0,-1285188.304182062
30300021,Static Zoning,404,21,historical,9660889.871601522,0,-9660889.871601522
30300022,Static Zoning,404,22,historical,7819993.619004339,0,-7819993.619004339
30300023,Static Zoning,404,23,historical,2877257.254630116,0,-2877257.254630116
30300024,Static Zoning,404,24,historical,12705695.89129689,0,-12705695.89129689
30300025,Static Zoning,404,25,historical,7405914.088448346,0,-7405914.088448346
30300026,Static Zoning,404,26,historical,1951362.8171933175,0,-1951362.8171933175
30300027,Static Zoning,404,27,historical,4156622.1826402107,0,-4156622.1826402107
30300028,Static Zoning,404,28,historical,8780348.111932235,0,-8780348.111932235
30300029,Static Zoning,404,29,historical,11109363.51256112,0,-11109363.51256112
30300030,Static Zoning,404,30,historical,9579212.302501163,0,-9579212.302501163
30300031,Static Zoning,404,31,historical,7966186.945133996,0,-7966186.945133996
30300032,Static Zoning,404,32,historical,7135747.918264735,0,-7135747.918264735
30300033,Static Zoning,404,33,historical,9537745.784572862,0,-9537745.784572862
30300034,Static Zoning,404,34,historical,4940568.148128104,0,-4940568.148128104
30300035,Static Zoning,404,35,historical,10147026.239701346,0,-10147026.239701346
30300036,Static Zoning,404,36,historical,10120662.520901788,0,-10120662.520901788
30300037,Static Zoning,404,37,historical,10729189.59230191,0,-10729189.59230191
30300038,Static Zoning,404,38,historical,10847977.05223281,0,-10847977.05223281
30300039,Static Zoning,404,39,historical,9975310.489934338,0,-9975310.489934338
30300040,Static Zoning,404,40,historical,4039416.9803785905,0,-4039416.9803785905
30300041,Static Zoning,404,41,historical,6446208.945265869,0,-6446208.945265869
30300042,Static Zoning,404,42,historical,783703.8283505503,0,-783703.8283505503
30300043,Static Zoning,404,43,historical,2974481.3566337526,0,-2974481.3566337526
30300044,Static Zoning,404,44,historical,10181857.703605697,0,-10181857.703605697
30300045,Static Zoning,404,45,historical,2612649.7631073855,0,-2612649.7631073855
30300046,Static Zoning,404,46,historical,9070537.110002642,0,-9070537.110002642
30300047,Static Zoning,404,47,historical,6599306.308067663,0,-6599306.308067663
30300048,Static Zoning,404,48,historical,6469441.096060274,0,-6469441.096060274
30300049,Static Zoning,404,49,historical,-87912.1155347396,0,87912.1155347396
30300050,Static Zoning,404,50,historical,11508342.41879641,0,-11508342.41879641
30300051,Static Zoning,404,51,historical,6518044.545659197,0,-6518044.545659197
30300052,Static Zoning,404,52,historical,8932673.047934564,0,-8932673.047934564
30300053,Static Zoning,404,53,historical,10813740.029004628,0,-10813740.029004628
30300054,Static Zoning,404,54,historical,8664431.952132072,0,-8664431.952132072
30300055,Static Zoning,404,55,historical,2210914.0183058074,0,-2210914.0183058074
30300056,Static Zoning,404,56,historical,3522392.606977281,0,-3522392.606977281
30300057,Static Zoning,404,57,historical,6660101.588477109,0,-6660101.588477109
30300058,Static Zoning,404,58,historical,7675490.883158321,0,-7675490.883158321
30300059,Static Zoning,404,59,historical,3323187.9439824196,0,-3323187.9439824196
30300060,Static Zoning,404,60,historical,2137032.3059804,0,-2137032.3059804
30300061,Static Zoning,404,61,historical,7406297.237733984,0,-7406297.237733984
30300062,Static Zoning,404,62,historical,3448916.4970397716,0,-3448916.4970397716
30300063,Static Zoning,404,63,historical,4695513.619806057,0,-4695513.619806057
30300064,Static Zoning,404,64,historical,4099499.1794907264,0,-4099499.1794907264
30300065,Static Zoning,404,65,historical,3681499.4983656323,0,-3681499.4983656323
30300066,Static Zoning,404,66,historical,9111156.83833614,0,-9111156.83833614
30300067,Static Zoning,404,67,historical,7941503.811107187,0,-7941503.811107187
30300068,Static Zoning,404,68,historical,3219432.974254265,0,-3219432.974254265
30300069,Static Zoning,404,69,historical,4644392.47390463,0,-4644392.47390463
30300070,Static Zoning,404,70,historical,4742160.023803253,0,-4742160.023803253
30300071,Static Zoning,404,71,historical,9249971.365529273,0,-9249971.365529273
30300072,Static Zoning,404,72,historical,6599499.7095586425,0,-6599499.7095586425
30300073,Static Zoning,404,73,historical,10875982.819512824,0,-10875982.819512824
30300074,Static Zoning,404,74,historical,6188502.722144809,0,-6188502.722144809
30300075,Static Zoning,404,75,historical,8955253.696995746,0,-8955253.696995746
30300076,Static Zoning,404,76,historical,9096709.085937958,0,-9096709.085937958
30300077,Static Zoning,404,77,historical,6750695.615576132,0,-6750695.615576132
30300078,Static Zoning,404,78,historical,5840891.813409998,0,-5840891.813409998
30300079,Static Zoning,404,79,historical,10929970.631625876,0,-10929970.631625876
30300080,Static Zoning,404,80,historical,2585666.483710695,0,-2585666.483710695
30300081,Static Zoning,404,81,historical,5386118.878113318,0,-5386118.878113318
30300082,Static Zoning,404,82,historical,6978249.9710692,0,-6978249.9710692
30300083,Static Zoning,404,83,historical,7301652.369647144,0,-7301652.369647144
30300084,Static Zoning,404,84,historical,3427293.017795791,0,-3427293.017795791
30300085,Static Zoning,404,85,historical,5842976.421978938,0,-5842976.421978938
30300086,Static Zoning,404,86,historical,1103967.74720205,0,-1103967.74720205
30300087,Static Zoning,404,87,historical,8354485.925577033,0,-8354485.925577033
30300088,Static Zoning,404,88,historical,8150472.133990708,0,-8150472.133990708
30300089,Static Zoning,404,89,historical,5631337.204864962,0,-5631337.204864962
30300090,Static Zoning,404,90,historical,1925197.4682308969,0,-1925197.4682308969
30300091,Static Zoning,404,91,historical,9996325.500071919,0,-9996325.500071919
30300092,Static Zoning,404,92,historical,1753182.4958325857,0,-1753182.4958325857
30300093,Static Zoning,404,93,historical,8133344.455373998,0,-8133344.455373998
30300094,Static Zoning,404,94,historical,3385521.533660877,0,-3385521.533660877
30300095,Static Zoning,404,95,historical,8562135.315577513,0,-8562135.315577513
30300096,Static Zoning,404,96,historical,10230721.122959176,0,-10230721.122959176
30300097,Static Zoning,404,97,historical,4559358.697047473,0,-4559358.697047473
30300098,Static Zoning,404,98,historical,4253117.860891951,0,-4253117.860891951
30300099,Static Zoning,404,99,historical,7426853.496254358,0,-7426853.496254358
30300000,Mean DQN,404,0,historical,11763317.723255035,4,-11763317.723255035
30300001,Mean DQN,404,1,historical,5146948.579838723,4,-5146948.579838723
30300002,Mean DQN,404,2,historical,7695145.786578435,4,-7695145.786578435
30300003,Mean DQN,404,3,historical,8842766.525270686,4,-8842766.525270686
30300004,Mean DQN,404,4,historical,10460873.504983246,4,-10460873.504983246
30300005,Mean DQN,404,5,historical,4693253.588761741,4,-4693253.588761741
30300006,Mean DQN,404,6,historical,6231678.98861563,4,-6231678.98861563
30300007,Mean DQN,404,7,historical,9941920.490649255,4,-9941920.490649255
30300008,Mean DQN,404,8,historical,5771118.15909972,4,-5771118.15909972
30300009,Mean DQN,404,9,historical,10917098.970490206,4,-10917098.970490206
30300010,Mean DQN,404,10,historical,5915207.687980091,4,-5915207.687980091
30300011,Mean DQN,404,11,historical,10082155.679176634,4,-10082155.679176634
30300012,Mean DQN,404,12,historical,8778400.099163763,4,-8778400.099163763
30300013,Mean DQN,404,13,historical,3791966.871266978,4,-3791966.871266978
30300014,Mean DQN,404,14,historical,7400386.03297844,4,-7400386.03297844
30300015,Mean DQN,404,15,historical,12002290.753443781,4,-12002290.753443781
30300016,Mean DQN,404,16,historical,6201008.432141287,4,-6201008.432141287
30300017,Mean DQN,404,17,historical,5322346.87739063,4,-5322346.87739063
30300018,Mean DQN,404,18,historical,10508834.8339021,4,-10508834.8339021
30300019,Mean DQN,404,19,historical,8710056.090061726,4,-8710056.090061726
30300020,Mean DQN,404,20,historical,1298982.619448975,4,-1298982.619448975
30300021,Mean DQN,404,21,historical,9686513.701147769,4,-9686513.701147769
30300022,Mean DQN,404,22,historical,7846853.596368311,4,-7846853.596368311
30300023,Mean DQN,404,23,historical,2916307.712713201,4,-2916307.712713201
30300024,Mean DQN,404,24,historical,12721847.323432922,4,-12721847.323432922
30300025,Mean DQN,404,25,historical,7451289.19991879,4,-7451289.19991879
30300026,Mean DQN,404,26,historical,1991238.8431480457,4,-1991238.8431480457
30300027,Mean DQN,404,27,historical,4194484.05088451,4,-4194484.05088451
30300028,Mean DQN,404,28,historical,8822787.946958736,4,-8822787.946958736
30300029,Mean DQN,404,29,historical,11149873.001551775,4,-11149873.001551775
30300030,Mean DQN,404,30,historical,9623374.681763994,4,-9623374.681763994
30300031,Mean DQN,404,31,historical,8011370.6612006035,4,-8011370.6612006035
30300032,Mean DQN,404,32,historical,7126737.574153528,4,-7126737.574153528
30300033,Mean DQN,404,33,historical,9559101.208902303,4,-9559101.208902303
30300034,Mean DQN,404,34,historical,4979739.3652845025,4,-4979739.3652845025
30300035,Mean DQN,404,35,historical,10180403.299614016,4,-10180403.299614016
30300036,Mean DQN,404,36,historical,10179892.307253841,4,-10179892.307253841
30300037,Mean DQN,404,37,historical,10768500.861094609,4,-10768500.861094609
30300038,Mean DQN,404,38,historical,10880493.817409195,4,-10880493.817409195
30300039,Mean DQN,404,39,historical,9994467.304661104,4,-9994467.304661104
30300040,Mean DQN,404,40,historical,4054876.9320282415,4,-4054876.9320282415
30300041,Mean DQN,404,41,historical,6461967.833126544,4,-6461967.833126544
30300042,Mean DQN,404,42,historical,829835.6735524873,4,-829835.6735524873
30300043,Mean DQN,404,43,historical,3025026.5491603846,4,-3025026.5491603846
30300044,Mean DQN,404,44,historical,10235389.177025765,4,-10235389.177025765
30300045,Mean DQN,404,45,historical,2617711.4647215386,4,-2617711.4647215386
30300046,Mean DQN,404,46,historical,9107727.982326172,4,-9107727.982326172
30300047,Mean DQN,404,47,historical,6635156.756232304,4,-6635156.756232304
30300048,Mean DQN,404,48,historical,6529930.051268121,4,-6529930.051268121
30300049,Mean DQN,404,49,historical,-33302.94605749741,4,33302.94605749741
30300050,Mean DQN,404,50,historical,11541218.650783734,4,-11541218.650783734
30300051,Mean DQN,404,51,historical,6568250.2994472645,4,-6568250.2994472645
30300052,Mean DQN,404,52,historical,8977337.870040607,4,-8977337.870040607
30300053,Mean DQN,404,53,historical,10845011.872808365,4,-10845011.872808365
30300054,Mean DQN,404,54,historical,8692685.101468861,4,-8692685.101468861
30300055,Mean DQN,404,55,historical,2213665.298372838,4,-2213665.298372838
30300056,Mean DQN,404,56,historical,3573275.0520727187,4,-3573275.0520727187
30300057,Mean DQN,404,57,historical,6691792.517303122,4,-6691792.517303122
30300058,Mean DQN,404,58,historical,7743883.711609387,4,-7743883.711609387
30300059,Mean DQN,404,59,historical,3407491.143896793,4,-3407491.143896793
30300060,Mean DQN,404,60,historical,2155798.186930919,4,-2155798.186930919
30300061,Mean DQN,404,61,historical,7465824.964519864,4,-7465824.964519864
30300062,Mean DQN,404,62,historical,3497091.150584516,4,-3497091.150584516
30300063,Mean DQN,404,63,historical,4795565.533568086,4,-4795565.533568086
30300064,Mean DQN,404,64,historical,4132347.067011214,4,-4132347.067011214
30300065,Mean DQN,404,65,historical,3746717.1474531186,4,-3746717.1474531186
30300066,Mean DQN,404,66,historical,9128017.558777552,4,-9128017.558777552
30300067,Mean DQN,404,67,historical,8016461.681988144,4,-8016461.681988144
30300068,Mean DQN,404,68,historical,3283321.5376570784,4,-3283321.5376570784
30300069,Mean DQN,404,69,historical,4682602.9389447,4,-4682602.9389447
30300070,Mean DQN,404,70,historical,4796699.225289763,4,-4796699.225289763
30300071,Mean DQN,404,71,historical,9276279.722849675,4,-9276279.722849675
30300072,Mean DQN,404,72,historical,6680203.09666379,4,-6680203.09666379
30300073,Mean DQN,404,73,historical,10897636.094241174,4,-10897636.094241174
30300074,Mean DQN,404,74,historical,6226576.065072175,4,-6226576.065072175
30300075,Mean DQN,404,75,historical,8960283.248698417,4,-8960283.248698417
30300076,Mean DQN,404,76,historical,9140768.993201282,4,-9140768.993201282
30300077,Mean DQN,404,77,historical,6811427.757536442,4,-6811427.757536442
30300078,Mean DQN,404,78,historical,5873675.139952468,4,-5873675.139952468
30300079,Mean DQN,404,79,historical,10974459.526917739,4,-10974459.526917739
30300080,Mean DQN,404,80,historical,2654311.27499389,4,-2654311.27499389
30300081,Mean DQN,404,81,historical,5446753.397094425,4,-5446753.397094425
30300082,Mean DQN,404,82,historical,7019944.457891361,4,-7019944.457891361
30300083,Mean DQN,404,83,historical,7321567.851305669,4,-7321567.851305669
30300084,Mean DQN,404,84,historical,3478859.3810877977,4,-3478859.3810877977
30300085,Mean DQN,404,85,historical,5879959.502626252,4,-5879959.502626252
30300086,Mean DQN,404,86,historical,1134833.107345447,4,-1134833.107345447
30300087,Mean DQN,404,87,historical,8382385.14872032,4,-8382385.14872032
30300088,Mean DQN,404,88,historical,8172813.730940002,4,-8172813.730940002
30300089,Mean DQN,404,89,historical,5684154.234998687,4,-5684154.234998687
30300090,Mean DQN,404,90,historical,1993162.9998685548,4,-1993162.9998685548
30300091,Mean DQN,404,91,historical,10043825.895998098,4,-10043825.895998098
30300092,Mean DQN,404,92,historical,1791096.4330039807,4,-1791096.4330039807
30300093,Mean DQN,404,93,historical,8185976.926254287,4,-8185976.926254287
30300094,Mean DQN,404,94,historical,3471188.6655673077,4,-3471188.6655673077
30300095,Mean DQN,404,95,historical,8588521.715351103,4,-8588521.715351103
30300096,Mean DQN,404,96,historical,10273309.196297519,4,-10273309.196297519
30300097,Mean DQN,404,97,historical,4598958.875468154,4,-4598958.875468154
30300098,Mean DQN,404,98,historical,4334885.261953738,4,-4334885.261953738
30300099,Mean DQN,404,99,historical,7484534.882581505,4,-7484534.882581505
30300000,QR Mean,404,0,historical,11749125.684388774,4,-11749125.684388774
30300001,QR Mean,404,1,historical,5133200.328403116,4,-5133200.328403116
30300002,QR Mean,404,2,historical,7678295.458008768,4,-7678295.458008768
30300003,QR Mean,404,3,historical,8839616.388319839,4,-8839616.388319839
30300004,QR Mean,404,4,historical,10469146.617532492,4,-10469146.617532492
30300005,QR Mean,404,5,historical,4690441.969290784,4,-4690441.969290784
30300006,QR Mean,404,6,historical,6223909.151139536,4,-6223909.151139536
30300007,QR Mean,404,7,historical,9938286.626028871,4,-9938286.626028871
30300008,QR Mean,404,8,historical,5797491.146775167,4,-5797491.146775167
30300009,QR Mean,404,9,historical,10903617.49391596,4,-10903617.49391596
30300010,QR Mean,404,10,historical,5904062.556667839,4,-5904062.556667839
30300011,QR Mean,404,11,historical,10071916.147873174,4,-10071916.147873174
30300012,QR Mean,404,12,historical,8810293.566432042,4,-8810293.566432042
30300013,QR Mean,404,13,historical,3780569.954887507,4,-3780569.954887507
30300014,QR Mean,404,14,historical,7386123.665658868,4,-7386123.665658868
30300015,QR Mean,404,15,historical,11995981.781711798,4,-11995981.781711798
30300016,QR Mean,404,16,historical,6188155.13759836,4,-6188155.13759836
30300017,QR Mean,404,17,historical,5323310.742670529,4,-5323310.742670529
30300018,QR Mean,404,18,historical,10493002.4923467,4,-10493002.4923467
30300019,QR Mean,404,19,historical,8696067.353208134,4,-8696067.353208134
30300020,QR Mean,404,20,historical,1355974.9830354867,4,-1355974.9830354867
30300021,QR Mean,404,21,historical,9677498.571513435,4,-9677498.571513435
30300022,QR Mean,404,22,historical,7834727.678851711,4,-7834727.678851711
30300023,QR Mean,404,23,historical,2922868.563408424,4,-2922868.563408424
30300024,QR Mean,404,24,historical,12702893.154481951,4,-12702893.154481951
30300025,QR Mean,404,25,historical,7439482.922581304,4,-7439482.922581304
30300026,QR Mean,404,26,historical,1979737.196040227,4,-1979737.196040227
30300027,QR Mean,404,27,historical,4182026.4183674627,4,-4182026.4183674627
30300028,QR Mean,404,28,historical,8828581.483122181,4,-8828581.483122181
30300029,QR Mean,404,29,historical,11158018.02681356,4,-11158018.02681356
30300030,QR Mean,404,30,historical,9627204.314614447,4,-9627204.314614447
30300031,QR Mean,404,31,historical,8024143.768640529,4,-8024143.768640529
30300032,QR Mean,404,32,historical,7120526.132415938,4,-7120526.132415938
30300033,QR Mean,404,33,historical,9552423.205153508,4,-9552423.205153508
30300034,QR Mean,404,34,historical,4993892.343005876,4,-4993892.343005876
30300035,QR Mean,404,35,historical,10157483.122565629,4,-10157483.122565629
30300036,QR Mean,404,36,historical,10168292.507797591,4,-10168292.507797591
30300037,QR Mean,404,37,historical,10753870.231424304,4,-10753870.231424304
30300038,QR Mean,404,38,historical,10871493.689492831,4,-10871493.689492831
30300039,QR Mean,404,39,historical,9991613.565383393,4,-9991613.565383393
30300040,QR Mean,404,40,historical,4061877.197333945,4,-4061877.197333945
30300041,QR Mean,404,41,historical,6468767.126810456,4,-6468767.126810456
30300042,QR Mean,404,42,historical,831429.0162277261,4,-831429.0162277261
30300043,QR Mean,404,43,historical,3006746.4331332427,4,-3006746.4331332427
30300044,QR Mean,404,44,historical,10218158.988461565,4,-10218158.988461565
30300045,QR Mean,404,45,historical,2708001.5368015845,4,-2708001.5368015845
30300046,QR Mean,404,46,historical,9096476.63970991,4,-9096476.63970991
30300047,QR Mean,404,47,historical,6639766.077284997,4,-6639766.077284997
30300048,QR Mean,404,48,historical,6528808.872038287,4,-6528808.872038287
30300049,QR Mean,404,49,historical,-37310.32105221704,4,37310.32105221704
30300050,QR Mean,404,50,historical,11528631.129791692,4,-11528631.129791692
30300051,QR Mean,404,51,historical,6554399.905374629,4,-6554399.905374629
30300052,QR Mean,404,52,historical,9001391.360278156,4,-9001391.360278156
30300053,QR Mean,404,53,historical,10859027.611762093,4,-10859027.611762093
30300054,QR Mean,404,54,historical,8689809.1924521,4,-8689809.1924521
30300055,QR Mean,404,55,historical,2219963.1434724545,4,-2219963.1434724545
30300056,QR Mean,404,56,historical,3581892.8671159917,4,-3581892.8671159917
30300057,QR Mean,404,57,historical,6708088.445700923,4,-6708088.445700923
30300058,QR Mean,404,58,historical,7737937.413823909,4,-7737937.413823909
30300059,QR Mean,404,59,historical,3378703.4347304427,4,-3378703.4347304427
30300060,QR Mean,404,60,historical,2157773.4939424214,4,-2157773.4939424214
30300061,QR Mean,404,61,historical,7464875.81650105,4,-7464875.81650105
30300062,QR Mean,404,62,historical,3488095.7219023444,4,-3488095.7219023444
30300063,QR Mean,404,63,historical,4813323.691260843,4,-4813323.691260843
30300064,QR Mean,404,64,historical,4145286.533378504,4,-4145286.533378504
30300065,QR Mean,404,65,historical,3742164.0819120235,4,-3742164.0819120235
30300066,QR Mean,404,66,historical,9128960.103895923,4,-9128960.103895923
30300067,QR Mean,404,67,historical,8006854.877841016,4,-8006854.877841016
30300068,QR Mean,404,68,historical,3298128.6933566513,4,-3298128.6933566513
30300069,QR Mean,404,69,historical,4683460.124345735,4,-4683460.124345735
30300070,QR Mean,404,70,historical,4796452.55667985,4,-4796452.55667985
30300071,QR Mean,404,71,historical,9310631.0861653,4,-9310631.0861653
30300072,QR Mean,404,72,historical,6660781.033206936,4,-6660781.033206936
30300073,QR Mean,404,73,historical,10892482.700491667,4,-10892482.700491667
30300074,QR Mean,404,74,historical,6244775.771837642,4,-6244775.771837642
30300075,QR Mean,404,75,historical,8961037.374960324,4,-8961037.374960324
30300076,QR Mean,404,76,historical,9143063.110597402,4,-9143063.110597402
30300077,QR Mean,404,77,historical,6816642.563120966,4,-6816642.563120966
30300078,QR Mean,404,78,historical,5859856.199941129,4,-5859856.199941129
30300079,QR Mean,404,79,historical,10956611.609827565,4,-10956611.609827565
30300080,QR Mean,404,80,historical,2648448.1058666026,4,-2648448.1058666026
30300081,QR Mean,404,81,historical,5439205.261168442,4,-5439205.261168442
30300082,QR Mean,404,82,historical,7013028.623476032,4,-7013028.623476032
30300083,QR Mean,404,83,historical,7337896.505168916,4,-7337896.505168916
30300084,QR Mean,404,84,historical,3466383.6353491605,4,-3466383.6353491605
30300085,QR Mean,404,85,historical,5881212.885669509,4,-5881212.885669509
30300086,QR Mean,404,86,historical,1143157.5114395607,4,-1143157.5114395607
30300087,QR Mean,404,87,historical,8371084.989960791,4,-8371084.989960791
30300088,QR Mean,404,88,historical,8198037.959982658,4,-8198037.959982658
30300089,QR Mean,404,89,historical,5694281.904489204,4,-5694281.904489204
30300090,QR Mean,404,90,historical,1989177.621409584,4,-1989177.621409584
30300091,QR Mean,404,91,historical,10028779.00434573,4,-10028779.00434573
30300092,QR Mean,404,92,historical,1808746.4878206227,4,-1808746.4878206227
30300093,QR Mean,404,93,historical,8179746.761251326,4,-8179746.761251326
30300094,QR Mean,404,94,historical,3461933.5029895203,4,-3461933.5029895203
30300095,QR Mean,404,95,historical,8591523.380939245,4,-8591523.380939245
30300096,QR Mean,404,96,historical,10270578.95260574,4,-10270578.95260574
30300097,QR Mean,404,97,historical,4577416.303599657,4,-4577416.303599657
30300098,QR Mean,404,98,historical,4338342.326332021,4,-4338342.326332021
30300099,QR Mean,404,99,historical,7477876.045573673,4,-7477876.045573673
30300000,Tail-QR Zoning,404,0,historical,11700173.933048297,2,-11700173.933048297
30300001,Tail-QR Zoning,404,1,historical,5060617.44605927,2,-5060617.44605927
30300002,Tail-QR Zoning,404,2,historical,7593617.213548853,2,-7593617.213548853
30300003,Tail-QR Zoning,404,3,historical,8757569.973947458,2,-8757569.973947458
30300004,Tail-QR Zoning,404,4,historical,10409017.312041821,2,-10409017.312041821
30300005,Tail-QR Zoning,404,5,historical,4609162.973585288,2,-4609162.973585288
30300006,Tail-QR Zoning,404,6,historical,6143426.188587501,2,-6143426.188587501
30300007,Tail-QR Zoning,404,7,historical,9862019.062662868,2,-9862019.062662868
30300008,Tail-QR Zoning,404,8,historical,5721621.208077725,2,-5721621.208077725
30300009,Tail-QR Zoning,404,9,historical,10817190.782639837,2,-10817190.782639837
30300010,Tail-QR Zoning,404,10,historical,5846141.763138723,2,-5846141.763138723
30300011,Tail-QR Zoning,404,11,historical,10002410.082016373,2,-10002410.082016373
30300012,Tail-QR Zoning,404,12,historical,8740383.502436627,2,-8740383.502436627
30300013,Tail-QR Zoning,404,13,historical,3666503.803365787,2,-3666503.803365787
30300014,Tail-QR Zoning,404,14,historical,7281650.816299235,2,-7281650.816299235
30300015,Tail-QR Zoning,404,15,historical,11919832.667896781,2,-11919832.667896781
30300016,Tail-QR Zoning,404,16,historical,6135174.129737362,2,-6135174.129737362
30300017,Tail-QR Zoning,404,17,historical,5269974.962483851,2,-5269974.962483851
30300018,Tail-QR Zoning,404,18,historical,10446740.245903574,2,-10446740.245903574
30300019,Tail-QR Zoning,404,19,historical,8628021.01483208,2,-8628021.01483208
30300020,Tail-QR Zoning,404,20,historical,1283640.592826316,2,-1283640.592826316
30300021,Tail-QR Zoning,404,21,historical,9624057.293274935,2,-9624057.293274935
30300022,Tail-QR Zoning,404,22,historical,7770219.597358336,2,-7770219.597358336
30300023,Tail-QR Zoning,404,23,historical,2841676.1951329885,2,-2841676.1951329885
30300024,Tail-QR Zoning,404,24,historical,12650991.07641978,2,-12650991.07641978
30300025,Tail-QR Zoning,404,25,historical,7366217.4688749295,2,-7366217.4688749295
30300026,Tail-QR Zoning,404,26,historical,1910053.6238566106,2,-1910053.6238566106
30300027,Tail-QR Zoning,404,27,historical,4123666.6025764523,2,-4123666.6025764523
30300028,Tail-QR Zoning,404,28,historical,8758548.116185747,2,-8758548.116185747
30300029,Tail-QR Zoning,404,29,historical,11091621.090086065,2,-11091621.090086065
30300030,Tail-QR Zoning,404,30,historical,9546333.033391006,2,-9546333.033391006
30300031,Tail-QR Zoning,404,31,historical,7929983.004132837,2,-7929983.004132837
30300032,Tail-QR Zoning,404,32,historical,7097423.323161999,2,-7097423.323161999
30300033,Tail-QR Zoning,404,33,historical,9498937.130854273,2,-9498937.130854273
30300034,Tail-QR Zoning,404,34,historical,4913538.628111296,2,-4913538.628111296
30300035,Tail-QR Zoning,404,35,historical,10099284.505890025,2,-10099284.505890025
30300036,Tail-QR Zoning,404,36,historical,10078366.9855747,2,-10078366.9855747
30300037,Tail-QR Zoning,404,37,historical,10684249.022454021,2,-10684249.022454021
30300038,Tail-QR Zoning,404,38,historical,10812066.214672212,2,-10812066.214672212
30300039,Tail-QR Zoning,404,39,historical,9934680.862014137,2,-9934680.862014137
30300040,Tail-QR Zoning,404,40,historical,4008920.4714420675,2,-4008920.4714420675
30300041,Tail-QR Zoning,404,41,historical,6421889.202032367,2,-6421889.202032367
30300042,Tail-QR Zoning,404,42,historical,756241.846469483,2,-756241.846469483
30300043,Tail-QR Zoning,404,43,historical,2932889.974284435,2,-2932889.974284435
30300044,Tail-QR Zoning,404,44,historical,10134799.083253432,2,-10134799.083253432
30300045,Tail-QR Zoning,404,45,historical,2616703.5366727705,2,-2616703.5366727705
30300046,Tail-QR Zoning,404,46,historical,9029283.022928158,2,-9029283.022928158
30300047,Tail-QR Zoning,404,47,historical,6566495.95342312,2,-6566495.95342312
30300048,Tail-QR Zoning,404,48,historical,6435825.762739927,2,-6435825.762739927
30300049,Tail-QR Zoning,404,49,historical,-128943.98006993685,2,128943.98006993685
30300050,Tail-QR Zoning,404,50,historical,11452371.163185816,2,-11452371.163185816
30300051,Tail-QR Zoning,404,51,historical,6483871.194526877,2,-6483871.194526877
30300052,Tail-QR Zoning,404,52,historical,8904727.933936222,2,-8904727.933936222
30300053,Tail-QR Zoning,404,53,historical,10787715.428119967,2,-10787715.428119967
30300054,Tail-QR Zoning,404,54,historical,8630929.640887514,2,-8630929.640887514
30300055,Tail-QR Zoning,404,55,historical,2183494.0515507055,2,-2183494.0515507055
30300056,Tail-QR Zoning,404,56,historical,3493097.307056682,2,-3493097.307056682
30300057,Tail-QR Zoning,404,57,historical,6636069.770947865,2,-6636069.770947865
30300058,Tail-QR Zoning,404,58,historical,7646078.022242477,2,-7646078.022242477
30300059,Tail-QR Zoning,404,59,historical,3272586.818636871,2,-3272586.818636871
30300060,Tail-QR Zoning,404,60,historical,2100091.3225902347,2,-2100091.3225902347
30300061,Tail-QR Zoning,404,61,historical,7372173.194058999,2,-7372173.194058999
30300062,Tail-QR Zoning,404,62,historical,3416330.46668163,2,-3416330.46668163
30300063,Tail-QR Zoning,404,63,historical,4673771.459222237,2,-4673771.459222237
30300064,Tail-QR Zoning,404,64,historical,4064383.7578176907,2,-4064383.7578176907
30300065,Tail-QR Zoning,404,65,historical,3653960.9627509844,2,-3653960.9627509844
30300066,Tail-QR Zoning,404,66,historical,9078636.51313554,2,-9078636.51313554
30300067,Tail-QR Zoning,404,67,historical,7912312.081696335,2,-7912312.081696335
30300068,Tail-QR Zoning,404,68,historical,3202035.5193240466,2,-3202035.5193240466
30300069,Tail-QR Zoning,404,69,historical,4615313.061515411,2,-4615313.061515411
30300070,Tail-QR Zoning,404,70,historical,4703304.738847191,2,-4703304.738847191
30300071,Tail-QR Zoning,404,71,historical,9230975.319181878,2,-9230975.319181878
30300072,Tail-QR Zoning,404,72,historical,6561222.076411792,2,-6561222.076411792
30300073,Tail-QR Zoning,404,73,historical,10835834.974793429,2,-10835834.974793429
30300074,Tail-QR Zoning,404,74,historical,6162562.891223999,2,-6162562.891223999
30300075,Tail-QR Zoning,404,75,historical,8910581.639156487,2,-8910581.639156487
30300076,Tail-QR Zoning,404,76,historical,9062978.38396656,2,-9062978.38396656
30300077,Tail-QR Zoning,404,77,historical,6714958.02302684,2,-6714958.02302684
30300078,Tail-QR Zoning,404,78,historical,5807124.862624198,2,-5807124.862624198
30300079,Tail-QR Zoning,404,79,historical,10891145.459229365,2,-10891145.459229365
30300080,Tail-QR Zoning,404,80,historical,2557131.38287302,2,-2557131.38287302
30300081,Tail-QR Zoning,404,81,historical,5349235.117263278,2,-5349235.117263278
30300082,Tail-QR Zoning,404,82,historical,6941027.577354226,2,-6941027.577354226
30300083,Tail-QR Zoning,404,83,historical,7266411.620127994,2,-7266411.620127994
30300084,Tail-QR Zoning,404,84,historical,3391248.037776354,2,-3391248.037776354
30300085,Tail-QR Zoning,404,85,historical,5806489.698512331,2,-5806489.698512331
30300086,Tail-QR Zoning,404,86,historical,1068414.5149618206,2,-1068414.5149618206
30300087,Tail-QR Zoning,404,87,historical,8315243.638380806,2,-8315243.638380806
30300088,Tail-QR Zoning,404,88,historical,8123872.0044518,2,-8123872.0044518
30300089,Tail-QR Zoning,404,89,historical,5604919.1549156755,2,-5604919.1549156755
30300090,Tail-QR Zoning,404,90,historical,1883927.308798847,2,-1883927.308798847
30300091,Tail-QR Zoning,404,91,historical,9958594.455326682,2,-9958594.455326682
30300092,Tail-QR Zoning,404,92,historical,1727419.9721972346,2,-1727419.9721972346
30300093,Tail-QR Zoning,404,93,historical,8084989.176718087,2,-8084989.176718087
30300094,Tail-QR Zoning,404,94,historical,3350014.786546548,2,-3350014.786546548
30300095,Tail-QR Zoning,404,95,historical,8543121.55616492,2,-8543121.55616492
30300096,Tail-QR Zoning,404,96,historical,10191964.670182876,2,-10191964.670182876
30300097,Tail-QR Zoning,404,97,historical,4511540.036025155,2,-4511540.036025155
30300098,Tail-QR Zoning,404,98,historical,4231993.035456872,2,-4231993.035456872
30300099,Tail-QR Zoning,404,99,historical,7389124.172174659,2,-7389124.172174659
30400000,Static Zoning,505,0,historical,6000341.33702767,0,-6000341.33702767
30400001,Static Zoning,505,1,historical,12671207.574994087,0,-12671207.574994087
30400002,Static Zoning,505,2,historical,10433133.995852426,0,-10433133.995852426
30400003,Static Zoning,505,3,historical,12630014.425954176,0,-12630014.425954176
30400004,Static Zoning,505,4,historical,1417539.3716627578,0,-1417539.3716627578
30400005,Static Zoning,505,5,historical,4513754.233656308,0,-4513754.233656308
30400006,Static Zoning,505,6,historical,5784371.351665743,0,-5784371.351665743
30400007,Static Zoning,505,7,historical,7637789.902665012,0,-7637789.902665012
30400008,Static Zoning,505,8,historical,9252869.160259694,0,-9252869.160259694
30400009,Static Zoning,505,9,historical,5254784.111103168,0,-5254784.111103168
30400010,Static Zoning,505,10,historical,7391215.130285965,0,-7391215.130285965
30400011,Static Zoning,505,11,historical,2898383.3333977563,0,-2898383.3333977563
30400012,Static Zoning,505,12,historical,8049034.730807036,0,-8049034.730807036
30400013,Static Zoning,505,13,historical,6969138.664374966,0,-6969138.664374966
30400014,Static Zoning,505,14,historical,7738912.172514492,0,-7738912.172514492
30400015,Static Zoning,505,15,historical,631027.4765956118,0,-631027.4765956118
30400016,Static Zoning,505,16,historical,7309056.85277777,0,-7309056.85277777
30400017,Static Zoning,505,17,historical,11284785.396209355,0,-11284785.396209355
30400018,Static Zoning,505,18,historical,659914.3740818619,0,-659914.3740818619
30400019,Static Zoning,505,19,historical,10848742.160528738,0,-10848742.160528738
30400020,Static Zoning,505,20,historical,10363424.111575792,0,-10363424.111575792
30400021,Static Zoning,505,21,historical,2515250.6110202326,0,-2515250.6110202326
30400022,Static Zoning,505,22,historical,7984578.060426142,0,-7984578.060426142
30400023,Static Zoning,505,23,historical,6896724.870539954,0,-6896724.870539954
30400024,Static Zoning,505,24,historical,4843864.765321424,0,-4843864.765321424
30400025,Static Zoning,505,25,historical,4416968.5031221025,0,-4416968.5031221025
30400026,Static Zoning,505,26,historical,8662067.339910662,0,-8662067.339910662
30400027,Static Zoning,505,27,historical,4986990.077179851,0,-4986990.077179851
30400028,Static Zoning,505,28,historical,7651468.779116379,0,-7651468.779116379
30400029,Static Zoning,505,29,historical,7183794.564546873,0,-7183794.564546873
30400030,Static Zoning,505,30,historical,7901658.867590963,0,-7901658.867590963
30400031,Static Zoning,505,31,historical,10373087.748148765,0,-10373087.748148765
30400032,Static Zoning,505,32,historical,5118869.486389341,0,-5118869.486389341
30400033,Static Zoning,505,33,historical,4822628.504825645,0,-4822628.504825645
30400034,Static Zoning,505,34,historical,9907820.723558035,0,-9907820.723558035
30400035,Static Zoning,505,35,historical,3460766.957236644,0,-3460766.957236644
30400036,Static Zoning,505,36,historical,10595650.260904294,0,-10595650.260904294
30400037,Static Zoning,505,37,historical,7004774.053410383,0,-7004774.053410383
30400038,Static Zoning,505,38,historical,11355161.5866786,0,-11355161.5866786
30400039,Static Zoning,505,39,historical,12183961.855601527,0,-12183961.855601527
30400040,Static Zoning,505,40,historical,5775203.145735066,0,-5775203.145735066
30400041,Static Zoning,505,41,historical,9711717.304804586,0,-9711717.304804586
30400042,Static Zoning,505,42,historical,-426439.91812947416,0,426439.91812947416
30400043,Static Zoning,505,43,historical,4807665.549994823,0,-4807665.549994823
30400044,Static Zoning,505,44,historical,4296546.999691995,0,-4296546.999691995
30400045,Static Zoning,505,45,historical,4227754.669877584,0,-4227754.669877584
30400046,Static Zoning,505,46,historical,9582915.566225056,0,-9582915.566225056
30400047,Static Zoning,505,47,historical,5159960.29044621,0,-5159960.29044621
30400048,Static Zoning,505,48,historical,8232290.536248963,0,-8232290.536248963
30400049,Static Zoning,505,49,historical,6690321.588721847,0,-6690321.588721847
30400050,Static Zoning,505,50,historical,6849176.568525636,0,-6849176.568525636
30400051,Static Zoning,505,51,historical,1039213.7772651362,0,-1039213.7772651362
30400052,Static Zoning,505,52,historical,2343010.977067544,0,-2343010.977067544
30400053,Static Zoning,505,53,historical,10160863.031591278,0,-10160863.031591278
30400054,Static Zoning,505,54,historical,3722444.639409916,0,-3722444.639409916
30400055,Static Zoning,505,55,historical,5099761.168932771,0,-5099761.168932771
30400056,Static Zoning,505,56,historical,5872483.88078772,0,-5872483.88078772
30400057,Static Zoning,505,57,historical,4552522.339964683,0,-4552522.339964683
30400058,Static Zoning,505,58,historical,8649513.01486734,0,-8649513.01486734
30400059,Static Zoning,505,59,historical,7376369.767552946,0,-7376369.767552946
30400060,Static Zoning,505,60,historical,8478233.149218831,0,-8478233.149218831
30400061,Static Zoning,505,61,historical,-749992.7778330448,0,749992.7778330448
30400062,Static Zoning,505,62,historical,5121369.070082983,0,-5121369.070082983
30400063,Static Zoning,505,63,historical,10861603.345510762,0,-10861603.345510762
30400064,Static Zoning,505,64,historical,10834445.120951522,0,-10834445.120951522
30400065,Static Zoning,505,65,historical,5922298.59626861,0,-5922298.59626861
30400066,Static Zoning,505,66,historical,915741.0673594684,0,-915741.0673594684
30400067,Static Zoning,505,67,historical,14054482.438387968,0,-14054482.438387968
30400068,Static Zoning,505,68,historical,9594623.399375614,0,-9594623.399375614
30400069,Static Zoning,505,69,historical,8813145.263193814,0,-8813145.263193814
30400070,Static Zoning,505,70,historical,6712641.9262517365,0,-6712641.9262517365
30400071,Static Zoning,505,71,historical,3567219.9600845547,0,-3567219.9600845547
30400072,Static Zoning,505,72,historical,3328124.3770161355,0,-3328124.3770161355
30400073,Static Zoning,505,73,historical,6422019.577913194,0,-6422019.577913194
30400074,Static Zoning,505,74,historical,3555466.557392337,0,-3555466.557392337
30400075,Static Zoning,505,75,historical,8507705.400715025,0,-8507705.400715025
30400076,Static Zoning,505,76,historical,5985773.106510211,0,-5985773.106510211
30400077,Static Zoning,505,77,historical,5893696.877881957,0,-5893696.877881957
30400078,Static Zoning,505,78,historical,8439658.354231842,0,-8439658.354231842
30400079,Static Zoning,505,79,historical,2563444.7617804143,0,-2563444.7617804143
30400080,Static Zoning,505,80,historical,4933963.673167636,0,-4933963.673167636
30400081,Static Zoning,505,81,historical,7113260.095388852,0,-7113260.095388852
30400082,Static Zoning,505,82,historical,8503609.924264248,0,-8503609.924264248
30400083,Static Zoning,505,83,historical,8132513.382298759,0,-8132513.382298759
30400084,Static Zoning,505,84,historical,7813667.854879573,0,-7813667.854879573
30400085,Static Zoning,505,85,historical,1754861.136320524,0,-1754861.136320524
30400086,Static Zoning,505,86,historical,12081697.597333107,0,-12081697.597333107
30400087,Static Zoning,505,87,historical,4695856.192583114,0,-4695856.192583114
30400088,Static Zoning,505,88,historical,942456.4934067992,0,-942456.4934067992
30400089,Static Zoning,505,89,historical,7680551.954870984,0,-7680551.954870984
30400090,Static Zoning,505,90,historical,8122647.276832011,0,-8122647.276832011
30400091,Static Zoning,505,91,historical,7567197.077096637,0,-7567197.077096637
30400092,Static Zoning,505,92,historical,5870816.564846788,0,-5870816.564846788
30400093,Static Zoning,505,93,historical,7309589.737043181,0,-7309589.737043181
30400094,Static Zoning,505,94,historical,10184754.971614147,0,-10184754.971614147
30400095,Static Zoning,505,95,historical,13569927.116897471,0,-13569927.116897471
30400096,Static Zoning,505,96,historical,10066458.37904331,0,-10066458.37904331
30400097,Static Zoning,505,97,historical,9870678.965520797,0,-9870678.965520797
30400098,Static Zoning,505,98,historical,10609494.660284556,0,-10609494.660284556
30400099,Static Zoning,505,99,historical,7549452.194250121,0,-7549452.194250121
30400000,Mean DQN,505,0,historical,6020646.406024884,4,-6020646.406024884
30400001,Mean DQN,505,1,historical,12706084.40977162,4,-12706084.40977162
30400002,Mean DQN,505,2,historical,10427780.29610305,4,-10427780.29610305
30400003,Mean DQN,505,3,historical,12647928.036579456,4,-12647928.036579456
30400004,Mean DQN,505,4,historical,1445990.5729612857,4,-1445990.5729612857
30400005,Mean DQN,505,5,historical,4555102.9999904195,4,-4555102.9999904195
30400006,Mean DQN,505,6,historical,5819641.658397614,4,-5819641.658397614
30400007,Mean DQN,505,7,historical,7683614.396990941,4,-7683614.396990941
30400008,Mean DQN,505,8,historical,9329502.442794869,4,-9329502.442794869
30400009,Mean DQN,505,9,historical,5291792.137766316,4,-5291792.137766316
30400010,Mean DQN,505,10,historical,7414321.585104495,4,-7414321.585104495
30400011,Mean DQN,505,11,historical,2868215.25324839,4,-2868215.25324839
30400012,Mean DQN,505,12,historical,8098369.182277229,4,-8098369.182277229
30400013,Mean DQN,505,13,historical,6987400.350715125,4,-6987400.350715125
30400014,Mean DQN,505,14,historical,7803026.307671326,4,-7803026.307671326
30400015,Mean DQN,505,15,historical,664984.1352653874,4,-664984.1352653874
30400016,Mean DQN,505,16,historical,7314543.466667,4,-7314543.466667
30400017,Mean DQN,505,17,historical,11328165.273883646,4,-11328165.273883646
30400018,Mean DQN,505,18,historical,704354.6573417481,4,-704354.6573417481
30400019,Mean DQN,505,19,historical,10896309.814223439,4,-10896309.814223439
30400020,Mean DQN,505,20,historical,10423783.881829957,4,-10423783.881829957
30400021,Mean DQN,505,21,historical,2573978.0871379413,4,-2573978.0871379413
30400022,Mean DQN,505,22,historical,8031160.464357827,4,-8031160.464357827
30400023,Mean DQN,505,23,historical,6961539.356695673,4,-6961539.356695673
30400024,Mean DQN,505,24,historical,4859876.104107235,4,-4859876.104107235
30400025,Mean DQN,505,25,historical,4477984.431130083,4,-4477984.431130083
30400026,Mean DQN,505,26,historical,8724713.380335022,4,-8724713.380335022
30400027,Mean DQN,505,27,historical,5003229.165975781,4,-5003229.165975781
30400028,Mean DQN,505,28,historical,7696029.662090885,4,-7696029.662090885
30400029,Mean DQN,505,29,historical,7235334.1708043665,4,-7235334.1708043665
30400030,Mean DQN,505,30,historical,7934832.36632902,4,-7934832.36632902
30400031,Mean DQN,505,31,historical,10413304.408267982,4,-10413304.408267982
30400032,Mean DQN,505,32,historical,5179497.512990503,4,-5179497.512990503
30400033,Mean DQN,505,33,historical,4897648.194912305,4,-4897648.194912305
30400034,Mean DQN,505,34,historical,9977946.07395147,4,-9977946.07395147
30400035,Mean DQN,505,35,historical,3525991.8657063497,4,-3525991.8657063497
30400036,Mean DQN,505,36,historical,10612289.88497654,4,-10612289.88497654
30400037,Mean DQN,505,37,historical,7042952.793809705,4,-7042952.793809705
30400038,Mean DQN,505,38,historical,11372278.524479434,4,-11372278.524479434
30400039,Mean DQN,505,39,historical,12226891.3336392,4,-12226891.3336392
30400040,Mean DQN,505,40,historical,5794004.5237360215,4,-5794004.5237360215
30400041,Mean DQN,505,41,historical,9742797.08353959,4,-9742797.08353959
30400042,Mean DQN,505,42,historical,-338103.44305611367,4,338103.44305611367
30400043,Mean DQN,505,43,historical,4858938.597993343,4,-4858938.597993343
30400044,Mean DQN,505,44,historical,4316550.798332633,4,-4316550.798332633
30400045,Mean DQN,505,45,historical,4269151.663348225,4,-4269151.663348225
30400046,Mean DQN,505,46,historical,9624909.177406164,4,-9624909.177406164
30400047,Mean DQN,505,47,historical,5195199.528433452,4,-5195199.528433452
30400048,Mean DQN,505,48,historical,8299152.361376898,4,-8299152.361376898
30400049,Mean DQN,505,49,historical,6702829.1346204635,4,-6702829.1346204635
30400050,Mean DQN,505,50,historical,6878515.838308023,4,-6878515.838308023
30400051,Mean DQN,505,51,historical,1099341.8221197128,4,-1099341.8221197128
30400052,Mean DQN,505,52,historical,2427446.5669595497,4,-2427446.5669595497
30400053,Mean DQN,505,53,historical,10174144.649260718,4,-10174144.649260718
30400054,Mean DQN,505,54,historical,3779389.9402018143,4,-3779389.9402018143
30400055,Mean DQN,505,55,historical,5162893.698341763,4,-5162893.698341763
30400056,Mean DQN,505,56,historical,5919585.810805378,4,-5919585.810805378
30400057,Mean DQN,505,57,historical,4647293.777122501,4,-4647293.777122501
30400058,Mean DQN,505,58,historical,8692612.687254641,4,-8692612.687254641
30400059,Mean DQN,505,59,historical,7439713.425203791,4,-7439713.425203791
30400060,Mean DQN,505,60,historical,8492384.64271906,4,-8492384.64271906
30400061,Mean DQN,505,61,historical,-719905.8948670657,4,719905.8948670657
30400062,Mean DQN,505,62,historical,5143570.5895950245,4,-5143570.5895950245
30400063,Mean DQN,505,63,historical,10908674.730545308,4,-10908674.730545308
30400064,Mean DQN,505,64,historical,10843284.74289195,4,-10843284.74289195
30400065,Mean DQN,505,65,historical,5955116.561482307,4,-5955116.561482307
30400066,Mean DQN,505,66,historical,967381.3052610703,4,-967381.3052610703
30400067,Mean DQN,505,67,historical,14071405.433268454,4,-14071405.433268454
30400068,Mean DQN,505,68,historical,9620672.34256532,4,-9620672.34256532
30400069,Mean DQN,505,69,historical,8851734.423246449,4,-8851734.423246449
30400070,Mean DQN,505,70,historical,6773421.142206825,4,-6773421.142206825
30400071,Mean DQN,505,71,historical,3572074.137032753,4,-3572074.137032753
30400072,Mean DQN,505,72,historical,3422239.0204060855,4,-3422239.0204060855
30400073,Mean DQN,505,73,historical,6435706.11778247,4,-6435706.11778247
30400074,Mean DQN,505,74,historical,3596700.7396547035,4,-3596700.7396547035
30400075,Mean DQN,505,75,historical,8519464.72842845,4,-8519464.72842845
30400076,Mean DQN,505,76,historical,6029116.124302505,4,-6029116.124302505
30400077,Mean DQN,505,77,historical,5904349.235261237,4,-5904349.235261237
30400078,Mean DQN,505,78,historical,8514542.425718557,4,-8514542.425718557
30400079,Mean DQN,505,79,historical,2612974.277228757,4,-2612974.277228757
30400080,Mean DQN,505,80,historical,4965499.904481908,4,-4965499.904481908
30400081,Mean DQN,505,81,historical,7121153.412066113,4,-7121153.412066113
30400082,Mean DQN,505,82,historical,8548447.850200485,4,-8548447.850200485
30400083,Mean DQN,505,83,historical,8144307.340981927,4,-8144307.340981927
30400084,Mean DQN,505,84,historical,7866455.79548979,4,-7866455.79548979
30400085,Mean DQN,505,85,historical,1797699.8604268027,4,-1797699.8604268027
30400086,Mean DQN,505,86,historical,12115774.437514333,4,-12115774.437514333
30400087,Mean DQN,505,87,historical,4741111.489499664,4,-4741111.489499664
30400088,Mean DQN,505,88,historical,971067.5791702545,4,-971067.5791702545
30400089,Mean DQN,505,89,historical,7703817.7409755085,4,-7703817.7409755085
30400090,Mean DQN,505,90,historical,8176196.997327097,4,-8176196.997327097
30400091,Mean DQN,505,91,historical,7627785.45893763,4,-7627785.45893763
30400092,Mean DQN,505,92,historical,5917625.985748664,4,-5917625.985748664
30400093,Mean DQN,505,93,historical,7354662.173048446,4,-7354662.173048446
30400094,Mean DQN,505,94,historical,10221689.392281376,4,-10221689.392281376
30400095,Mean DQN,505,95,historical,13586279.874834515,4,-13586279.874834515
30400096,Mean DQN,505,96,historical,10133726.850677334,4,-10133726.850677334
30400097,Mean DQN,505,97,historical,9914968.023608483,4,-9914968.023608483
30400098,Mean DQN,505,98,historical,10635897.937630212,4,-10635897.937630212
30400099,Mean DQN,505,99,historical,7619382.708804723,4,-7619382.708804723
30400000,QR Mean,505,0,historical,6020075.736947816,1,-6020075.736947816
30400001,QR Mean,505,1,historical,12704040.819697995,1,-12704040.819697995
30400002,QR Mean,505,2,historical,10427805.561410502,1,-10427805.561410502
30400003,QR Mean,505,3,historical,12647896.964595528,1,-12647896.964595528
30400004,QR Mean,505,4,historical,1447818.2959320592,1,-1447818.2959320592
30400005,QR Mean,505,5,historical,4554758.589804556,1,-4554758.589804556
30400006,QR Mean,505,6,historical,5819547.280042052,1,-5819547.280042052
30400007,QR Mean,505,7,historical,7681965.9625292085,1,-7681965.9625292085
30400008,QR Mean,505,8,historical,9327989.369770186,1,-9327989.369770186
30400009,QR Mean,505,9,historical,5290528.858142501,1,-5290528.858142501
30400010,QR Mean,505,10,historical,7414837.737823684,1,-7414837.737823684
30400011,QR Mean,505,11,historical,2874955.3906267174,1,-2874955.3906267174
30400012,QR Mean,505,12,historical,8096790.263311247,1,-8096790.263311247
30400013,QR Mean,505,13,historical,6987160.460247595,1,-6987160.460247595
30400014,QR Mean,505,14,historical,7800126.6301778145,1,-7800126.6301778145
30400015,QR Mean,505,15,historical,664236.683538598,1,-664236.683538598
30400016,QR Mean,505,16,historical,7313124.64852262,1,-7313124.64852262
30400017,QR Mean,505,17,historical,11328272.738525795,1,-11328272.738525795
30400018,QR Mean,505,18,historical,702283.0157096643,1,-702283.0157096643
30400019,QR Mean,505,19,historical,10898499.007451423,1,-10898499.007451423
30400020,QR Mean,505,20,historical,10421959.746800564,1,-10421959.746800564
30400021,QR Mean,505,21,historical,2574676.563285729,1,-2574676.563285729
30400022,QR Mean,505,22,historical,8030338.885990136,1,-8030338.885990136
30400023,QR Mean,505,23,historical,6962415.89251818,1,-6962415.89251818
30400024,QR Mean,505,24,historical,4862615.779337635,1,-4862615.779337635
30400025,QR Mean,505,25,historical,4480427.535609786,1,-4480427.535609786
30400026,QR Mean,505,26,historical,8722941.72380442,1,-8722941.72380442
30400027,QR Mean,505,27,historical,5000844.204280707,1,-5000844.204280707
30400028,QR Mean,505,28,historical,7693828.404814633,1,-7693828.404814633
30400029,QR Mean,505,29,historical,7233556.544306661,1,-7233556.544306661
30400030,QR Mean,505,30,historical,7932480.348535756,1,-7932480.348535756
30400031,QR Mean,505,31,historical,10410682.58882285,1,-10410682.58882285
30400032,QR Mean,505,32,historical,5179496.473786612,1,-5179496.473786612
30400033,QR Mean,505,33,historical,4895693.725457587,1,-4895693.725457587
30400034,QR Mean,505,34,historical,9975116.521470943,1,-9975116.521470943
30400035,QR Mean,505,35,historical,3526046.60297711,1,-3526046.60297711
30400036,QR Mean,505,36,historical,10613000.412948066,1,-10613000.412948066
30400037,QR Mean,505,37,historical,7040978.819968576,1,-7040978.819968576
30400038,QR Mean,505,38,historical,11372087.26072054,1,-11372087.26072054
30400039,QR Mean,505,39,historical,12226483.186925221,1,-12226483.186925221
30400040,QR Mean,505,40,historical,5795874.393010326,1,-5795874.393010326
30400041,QR Mean,505,41,historical,9741776.397226598,1,-9741776.397226598
30400042,QR Mean,505,42,historical,-340769.19311705255,1,340769.19311705255
30400043,QR Mean,505,43,historical,4862001.169951942,1,-4862001.169951942
30400044,QR Mean,505,44,historical,4313838.024251479,1,-4313838.024251479
30400045,QR Mean,505,45,historical,4266106.73955077,1,-4266106.73955077
30400046,QR Mean,505,46,historical,9623737.173425894,1,-9623737.173425894
30400047,QR Mean,505,47,historical,5195182.148865869,1,-5195182.148865869
30400048,QR Mean,505,48,historical,8298312.74061848,1,-8298312.74061848
30400049,QR Mean,505,49,historical,6702605.771952087,1,-6702605.771952087
30400050,QR Mean,505,50,historical,6880906.316235492,1,-6880906.316235492
30400051,QR Mean,505,51,historical,1099700.5554915087,1,-1099700.5554915087
30400052,QR Mean,505,52,historical,2427042.4757825467,1,-2427042.4757825467
30400053,QR Mean,505,53,historical,10174176.914120536,1,-10174176.914120536
30400054,QR Mean,505,54,historical,3780471.844884989,1,-3780471.844884989
30400055,QR Mean,505,55,historical,5163328.563454759,1,-5163328.563454759
30400056,QR Mean,505,56,historical,5918976.835564463,1,-5918976.835564463
30400057,QR Mean,505,57,historical,4645000.610100267,1,-4645000.610100267
30400058,QR Mean,505,58,historical,8689566.505318623,1,-8689566.505318623
30400059,QR Mean,505,59,historical,7437555.147976394,1,-7437555.147976394
30400060,QR Mean,505,60,historical,8492336.352376003,1,-8492336.352376003
30400061,QR Mean,505,61,historical,-719251.4478173328,1,719251.4478173328
30400062,QR Mean,505,62,historical,5146533.093099997,1,-5146533.093099997
30400063,QR Mean,505,63,historical,10908682.20216023,1,-10908682.20216023
30400064,QR Mean,505,64,historical,10843388.119060202,1,-10843388.119060202
30400065,QR Mean,505,65,historical,5954339.687308641,1,-5954339.687308641
30400066,QR Mean,505,66,historical,966771.1107702799,1,-966771.1107702799
30400067,QR Mean,505,67,historical,14068635.644468486,1,-14068635.644468486
30400068,QR Mean,505,68,historical,9619809.631300254,1,-9619809.631300254
30400069,QR Mean,505,69,historical,8852168.105315592,1,-8852168.105315592
30400070,QR Mean,505,70,historical,6770873.781942472,1,-6770873.781942472
30400071,QR Mean,505,71,historical,3571724.2082482,1,-3571724.2082482
30400072,QR Mean,505,72,historical,3421402.1787960255,1,-3421402.1787960255
30400073,QR Mean,505,73,historical,6435550.113944801,1,-6435550.113944801
30400074,QR Mean,505,74,historical,3598952.027791529,1,-3598952.027791529
30400075,QR Mean,505,75,historical,8521596.136269461,1,-8521596.136269461
30400076,QR Mean,505,76,historical,6026527.513554292,1,-6026527.513554292
30400077,QR Mean,505,77,historical,5901895.179882576,1,-5901895.179882576
30400078,QR Mean,505,78,historical,8511154.12089802,1,-8511154.12089802
30400079,QR Mean,505,79,historical,2614967.8499369444,1,-2614967.8499369444
30400080,QR Mean,505,80,historical,4964336.80583835,1,-4964336.80583835
30400081,QR Mean,505,81,historical,7122075.35725414,1,-7122075.35725414
30400082,QR Mean,505,82,historical,8546110.863118323,1,-8546110.863118323
30400083,QR Mean,505,83,historical,8142612.484546699,1,-8142612.484546699
30400084,QR Mean,505,84,historical,7865475.708838087,1,-7865475.708838087
30400085,QR Mean,505,85,historical,1797389.8419594802,1,-1797389.8419594802
30400086,QR Mean,505,86,historical,12116244.568132395,1,-12116244.568132395
30400087,QR Mean,505,87,historical,4739216.484423764,1,-4739216.484423764
30400088,QR Mean,505,88,historical,980105.269432704,1,-980105.269432704
30400089,QR Mean,505,89,historical,7703124.42982164,1,-7703124.42982164
30400090,QR Mean,505,90,historical,8177267.732963912,1,-8177267.732963912
30400091,QR Mean,505,91,historical,7626843.21064602,1,-7626843.21064602
30400092,QR Mean,505,92,historical,5916627.768425358,1,-5916627.768425358
30400093,QR Mean,505,93,historical,7353410.580136198,1,-7353410.580136198
30400094,QR Mean,505,94,historical,10221037.220920365,1,-10221037.220920365
30400095,QR Mean,505,95,historical,13585105.937617142,1,-13585105.937617142
30400096,QR Mean,505,96,historical,10132252.889066998,1,-10132252.889066998
30400097,QR Mean,505,97,historical,9911924.142259413,1,-9911924.142259413
30400098,QR Mean,505,98,historical,10633076.5992588,1,-10633076.5992588
30400099,QR Mean,505,99,historical,7617908.328080995,1,-7617908.328080995
30400000,Tail-QR Zoning,505,0,historical,5985823.8149269335,2,-5985823.8149269335
30400001,Tail-QR Zoning,505,1,historical,12630763.558957417,2,-12630763.558957417
30400002,Tail-QR Zoning,505,2,historical,10398300.24110521,2,-10398300.24110521
30400003,Tail-QR Zoning,505,3,historical,12585551.865817163,2,-12585551.865817163
30400004,Tail-QR Zoning,505,4,historical,1399360.5074520183,2,-1399360.5074520183
30400005,Tail-QR Zoning,505,5,historical,4470946.242640107,2,-4470946.242640107
30400006,Tail-QR Zoning,505,6,historical,5747073.324994833,2,-5747073.324994833
30400007,Tail-QR Zoning,505,7,historical,7608311.135197055,2,-7608311.135197055
30400008,Tail-QR Zoning,505,8,historical,9223419.036003508,2,-9223419.036003508
30400009,Tail-QR Zoning,505,9,historical,5225617.357588117,2,-5225617.357588117
30400010,Tail-QR Zoning,505,10,historical,7354314.546773909,2,-7354314.546773909
30400011,Tail-QR Zoning,505,11,historical,2897697.635035298,2,-2897697.635035298
30400012,Tail-QR Zoning,505,12,historical,8017427.494472538,2,-8017427.494472538
30400013,Tail-QR Zoning,505,13,historical,6931087.574479065,2,-6931087.574479065
30400014,Tail-QR Zoning,505,14,historical,7699829.481526237,2,-7699829.481526237
30400015,Tail-QR Zoning,505,15,historical,605001.5454064999,2,-605001.5454064999
30400016,Tail-QR Zoning,505,16,historical,7259102.647723043,2,-7259102.647723043
30400017,Tail-QR Zoning,505,17,historical,11245903.477712024,2,-11245903.477712024
30400018,Tail-QR Zoning,505,18,historical,626429.3239051049,2,-626429.3239051049
30400019,Tail-QR Zoning,505,19,historical,10821157.182262575,2,-10821157.182262575
30400020,Tail-QR Zoning,505,20,historical,10333617.93171427,2,-10333617.93171427
30400021,Tail-QR Zoning,505,21,historical,2482847.5246806894,2,-2482847.5246806894
30400022,Tail-QR Zoning,505,22,historical,7945248.829335733,2,-7945248.829335733
30400023,Tail-QR Zoning,505,23,historical,6882005.89753711,2,-6882005.89753711
30400024,Tail-QR Zoning,505,24,historical,4821819.271312118,2,-4821819.271312118
30400025,Tail-QR Zoning,505,25,historical,4384499.192690013,2,-4384499.192690013
30400026,Tail-QR Zoning,505,26,historical,8627782.50715851,2,-8627782.50715851
30400027,Tail-QR Zoning,505,27,historical,4945565.170658038,2,-4945565.170658038
30400028,Tail-QR Zoning,505,28,historical,7627064.338431905,2,-7627064.338431905
30400029,Tail-QR Zoning,505,29,historical,7139393.611679522,2,-7139393.611679522
30400030,Tail-QR Zoning,505,30,historical,7863823.404497484,2,-7863823.404497484
30400031,Tail-QR Zoning,505,31,historical,10333401.182981256,2,-10333401.182981256
30400032,Tail-QR Zoning,505,32,historical,5089339.175502914,2,-5089339.175502914
30400033,Tail-QR Zoning,505,33,historical,4781758.87663695,2,-4781758.87663695
30400034,Tail-QR Zoning,505,34,historical,9868176.246638302,2,-9868176.246638302
30400035,Tail-QR Zoning,505,35,historical,3431933.2917039413,2,-3431933.2917039413
30400036,Tail-QR Zoning,505,36,historical,10563420.173142437,2,-10563420.173142437
30400037,Tail-QR Zoning,505,37,historical,6974375.801764421,2,-6974375.801764421
30400038,Tail-QR Zoning,505,38,historical,11309019.982300436,2,-11309019.982300436
30400039,Tail-QR Zoning,505,39,historical,12148813.164494198,2,-12148813.164494198
30400040,Tail-QR Zoning,505,40,historical,5748752.49862873,2,-5748752.49862873
30400041,Tail-QR Zoning,505,41,historical,9673079.766286174,2,-9673079.766286174
30400042,Tail-QR Zoning,505,42,historical,-463544.47449184314,2,463544.47449184314
30400043,Tail-QR Zoning,505,43,historical,4765565.651129863,2,-4765565.651129863
30400044,Tail-QR Zoning,505,44,historical,4256431.344087506,2,-4256431.344087506
30400045,Tail-QR Zoning,505,45,historical,4181002.680000786,2,-4181002.680000786
30400046,Tail-QR Zoning,505,46,historical,9553317.769779611,2,-9553317.769779611
30400047,Tail-QR Zoning,505,47,historical,5122895.181462048,2,-5122895.181462048
30400048,Tail-QR Zoning,505,48,historical,8207522.999967354,2,-8207522.999967354
30400049,Tail-QR Zoning,505,49,historical,6657826.440426822,2,-6657826.440426822
30400050,Tail-QR Zoning,505,50,historical,6822364.5521381395,2,-6822364.5521381395
30400051,Tail-QR Zoning,505,51,historical,1012014.3636035364,2,-1012014.3636035364
30400052,Tail-QR Zoning,505,52,historical,2304262.7471563956,2,-2304262.7471563956
30400053,Tail-QR Zoning,505,53,historical,10133275.845957544,2,-10133275.845957544
30400054,Tail-QR Zoning,505,54,historical,3693215.3274575174,2,-3693215.3274575174
30400055,Tail-QR Zoning,505,55,historical,5070775.226133548,2,-5070775.226133548
30400056,Tail-QR Zoning,505,56,historical,5830992.554657424,2,-5830992.554657424
30400057,Tail-QR Zoning,505,57,historical,4520376.052008534,2,-4520376.052008534
30400058,Tail-QR Zoning,505,58,historical,8607425.329998536,2,-8607425.329998536
30400059,Tail-QR Zoning,505,59,historical,7347528.619873241,2,-7347528.619873241
30400060,Tail-QR Zoning,505,60,historical,8442812.550460657,2,-8442812.550460657
30400061,Tail-QR Zoning,505,61,historical,-774229.2414424606,2,774229.2414424606
30400062,Tail-QR Zoning,505,62,historical,5098164.443879804,2,-5098164.443879804
30400063,Tail-QR Zoning,505,63,historical,10817301.425855925,2,-10817301.425855925
30400064,Tail-QR Zoning,505,64,historical,10805727.826491302,2,-10805727.826491302
30400065,Tail-QR Zoning,505,65,historical,5893304.312426314,2,-5893304.312426314
30400066,Tail-QR Zoning,505,66,historical,882064.7088678763,2,-882064.7088678763
30400067,Tail-QR Zoning,505,67,historical,14000630.193320176,2,-14000630.193320176
30400068,Tail-QR Zoning,505,68,historical,9555531.78685733,2,-9555531.78685733
30400069,Tail-QR Zoning,505,69,historical,8781134.094315192,2,-8781134.094315192
30400070,Tail-QR Zoning,505,70,historical,6673291.896395528,2,-6673291.896395528
30400071,Tail-QR Zoning,505,71,historical,3520892.0501705026,2,-3520892.0501705026
30400072,Tail-QR Zoning,505,72,historical,3288599.058394283,2,-3288599.058394283
30400073,Tail-QR Zoning,505,73,historical,6381226.693514757,2,-6381226.693514757
30400074,Tail-QR Zoning,505,74,historical,3533901.9264135435,2,-3533901.9264135435
30400075,Tail-QR Zoning,505,75,historical,8476937.647641188,2,-8476937.647641188
30400076,Tail-QR Zoning,505,76,historical,5945391.479699511,2,-5945391.479699511
30400077,Tail-QR Zoning,505,77,historical,5851668.313290245,2,-5851668.313290245
30400078,Tail-QR Zoning,505,78,historical,8399688.363699669,2,-8399688.363699669
30400079,Tail-QR Zoning,505,79,historical,2549950.136564308,2,-2549950.136564308
30400080,Tail-QR Zoning,505,80,historical,4918319.25149101,2,-4918319.25149101
30400081,Tail-QR Zoning,505,81,historical,7069377.150913912,2,-7069377.150913912
30400082,Tail-QR Zoning,505,82,historical,8451594.597989485,2,-8451594.597989485
30400083,Tail-QR Zoning,505,83,historical,8086846.201170156,2,-8086846.201170156
30400084,Tail-QR Zoning,505,84,historical,7782733.0293443035,2,-7782733.0293443035
30400085,Tail-QR Zoning,505,85,historical,1702616.234829173,2,-1702616.234829173
30400086,Tail-QR Zoning,505,86,historical,12044178.895947753,2,-12044178.895947753
30400087,Tail-QR Zoning,505,87,historical,4670523.34490216,2,-4670523.34490216
30400088,Tail-QR Zoning,505,88,historical,959891.2226564786,2,-959891.2226564786
30400089,Tail-QR Zoning,505,89,historical,7639987.719683252,2,-7639987.719683252
30400090,Tail-QR Zoning,505,90,historical,8095582.772659075,2,-8095582.772659075
30400091,Tail-QR Zoning,505,91,historical,7538765.610955343,2,-7538765.610955343
30400092,Tail-QR Zoning,505,92,historical,5831980.617515862,2,-5831980.617515862
30400093,Tail-QR Zoning,505,93,historical,7281701.044322147,2,-7281701.044322147
30400094,Tail-QR Zoning,505,94,historical,10144328.651279157,2,-10144328.651279157
30400095,Tail-QR Zoning,505,95,historical,13521389.209764037,2,-13521389.209764037
30400096,Tail-QR Zoning,505,96,historical,10013511.383784164,2,-10013511.383784164
30400097,Tail-QR Zoning,505,97,historical,9821883.691121545,2,-9821883.691121545
30400098,Tail-QR Zoning,505,98,historical,10565671.074626658,2,-10565671.074626658
30400099,Tail-QR Zoning,505,99,historical,7514307.517282508,2,-7514307.517282508
30500000,Static Zoning,606,0,historical,7636557.972535013,0,-7636557.972535013
30500001,Static Zoning,606,1,historical,5102749.980553684,0,-5102749.980553684
30500002,Static Zoning,606,2,historical,5775383.977444213,0,-5775383.977444213
30500003,Static Zoning,606,3,historical,2882844.2852492975,0,-2882844.2852492975
30500004,Static Zoning,606,4,historical,10315630.898936532,0,-10315630.898936532
30500005,Static Zoning,606,5,historical,5285507.569728282,0,-5285507.569728282
30500006,Static Zoning,606,6,historical,6893445.9318745425,0,-6893445.9318745425
30500007,Static Zoning,606,7,historical,9084075.695753133,0,-9084075.695753133
30500008,Static Zoning,606,8,historical,4220055.641445251,0,-4220055.641445251
30500009,Static Zoning,606,9,historical,8914398.196478562,0,-8914398.196478562
30500010,Static Zoning,606,10,historical,8955771.9443332,0,-8955771.9443332
30500011,Static Zoning,606,11,historical,3008.201359171653,0,-3008.201359171653
30500012,Static Zoning,606,12,historical,8278879.903221408,0,-8278879.903221408
30500013,Static Zoning,606,13,historical,10260441.933238974,0,-10260441.933238974
30500014,Static Zoning,606,14,historical,3593339.9500961117,0,-3593339.9500961117
30500015,Static Zoning,606,15,historical,193617.44052016683,0,-193617.44052016683
30500016,Static Zoning,606,16,historical,10678455.556329198,0,-10678455.556329198
30500017,Static Zoning,606,17,historical,8354319.413393587,0,-8354319.413393587
30500018,Static Zoning,606,18,historical,6249165.469855877,0,-6249165.469855877
30500019,Static Zoning,606,19,historical,3549914.138893985,0,-3549914.138893985
30500020,Static Zoning,606,20,historical,9234933.979454352,0,-9234933.979454352
30500021,Static Zoning,606,21,historical,8860752.422414165,0,-8860752.422414165
30500022,Static Zoning,606,22,historical,11180440.997968294,0,-11180440.997968294
30500023,Static Zoning,606,23,historical,10808822.047094576,0,-10808822.047094576
30500024,Static Zoning,606,24,historical,2811893.2784212753,0,-2811893.2784212753
30500025,Static Zoning,606,25,historical,2070224.5789870436,0,-2070224.5789870436
30500026,Static Zoning,606,26,historical,10535603.210761271,0,-10535603.210761271
30500027,Static Zoning,606,27,historical,7298403.496406101,0,-7298403.496406101
30500028,Static Zoning,606,28,historical,8356354.23278991,0,-8356354.23278991
30500029,Static Zoning,606,29,historical,5981447.5557687115,0,-5981447.5557687115
30500030,Static Zoning,606,30,historical,10104632.77511918,0,-10104632.77511918
30500031,Static Zoning,606,31,historical,9497115.68848114,0,-9497115.68848114
30500032,Static Zoning,606,32,historical,7120814.228077538,0,-7120814.228077538
30500033,Static Zoning,606,33,historical,9431952.035869718,0,-9431952.035869718
30500034,Static Zoning,606,34,historical,6898082.780394375,0,-6898082.780394375
30500035,Static Zoning,606,35,historical,6556624.497407542,0,-6556624.497407542
30500036,Static Zoning,606,36,historical,7023805.102827803,0,-7023805.102827803
30500037,Static Zoning,606,37,historical,6951062.570390113,0,-6951062.570390113
30500038,Static Zoning,606,38,historical,4043478.0040427446,0,-4043478.0040427446
30500039,Static Zoning,606,39,historical,6013773.155557519,0,-6013773.155557519
30500040,Static Zoning,606,40,historical,7580946.321076548,0,-7580946.321076548
30500041,Static Zoning,606,41,historical,11183642.068901531,0,-11183642.068901531
30500042,Static Zoning,606,42,historical,5973633.959140682,0,-5973633.959140682
30500043,Static Zoning,606,43,historical,4119861.7979004076,0,-4119861.7979004076
30500044,Static Zoning,606,44,historical,6395557.095044666,0,-6395557.095044666
30500045,Static Zoning,606,45,historical,6676829.899509419,0,-6676829.899509419
30500046,Static Zoning,606,46,historical,11530942.275289169,0,-11530942.275289169
30500047,Static Zoning,606,47,historical,3238594.9430531054,0,-3238594.9430531054
30500048,Static Zoning,606,48,historical,4978757.731865225,0,-4978757.731865225
30500049,Static Zoning,606,49,historical,9204128.321482675,0,-9204128.321482675
30500050,Static Zoning,606,50,historical,8037179.770651389,0,-8037179.770651389
30500051,Static Zoning,606,51,historical,9490545.545108164,0,-9490545.545108164
30500052,Static Zoning,606,52,historical,12372435.003851645,0,-12372435.003851645
30500053,Static Zoning,606,53,historical,5996944.69623521,0,-5996944.69623521
30500054,Static Zoning,606,54,historical,7467879.51929808,0,-7467879.51929808
30500055,Static Zoning,606,55,historical,6403861.187170363,0,-6403861.187170363
30500056,Static Zoning,606,56,historical,11200286.137080982,0,-11200286.137080982
30500057,Static Zoning,606,57,historical,4057674.691219853,0,-4057674.691219853
30500058,Static Zoning,606,58,historical,5606878.476615055,0,-5606878.476615055
30500059,Static Zoning,606,59,historical,10109018.686824119,0,-10109018.686824119
30500060,Static Zoning,606,60,historical,11023127.841476992,0,-11023127.841476992
30500061,Static Zoning,606,61,historical,9690805.120078541,0,-9690805.120078541
30500062,Static Zoning,606,62,historical,8118748.654740309,0,-8118748.654740309
30500063,Static Zoning,606,63,historical,6770240.318697046,0,-6770240.318697046
30500064,Static Zoning,606,64,historical,5034934.4429663755,0,-5034934.4429663755
30500065,Static Zoning,606,65,historical,7739846.74425154,0,-7739846.74425154
30500066,Static Zoning,606,66,historical,9497788.63924025,0,-9497788.63924025
30500067,Static Zoning,606,67,historical,5716372.787663789,0,-5716372.787663789
30500068,Static Zoning,606,68,historical,3653202.192877149,0,-3653202.192877149
30500069,Static Zoning,606,69,historical,5881631.593310654,0,-5881631.593310654
30500070,Static Zoning,606,70,historical,7217343.567340401,0,-7217343.567340401
30500071,Static Zoning,606,71,historical,5237536.829268548,0,-5237536.829268548
30500072,Static Zoning,606,72,historical,1601126.558665126,0,-1601126.558665126
30500073,Static Zoning,606,73,historical,4460835.0502525885,0,-4460835.0502525885
30500074,Static Zoning,606,74,historical,2289821.0788235576,0,-2289821.0788235576
30500075,Static Zoning,606,75,historical,7689688.035827375,0,-7689688.035827375
30500076,Static Zoning,606,76,historical,5056870.981197391,0,-5056870.981197391
30500077,Static Zoning,606,77,historical,6274736.058451619,0,-6274736.058451619
30500078,Static Zoning,606,78,historical,7674403.492982641,0,-7674403.492982641
30500079,Static Zoning,606,79,historical,5449841.8957323935,0,-5449841.8957323935
30500080,Static Zoning,606,80,historical,2223500.959786423,0,-2223500.959786423
30500081,Static Zoning,606,81,historical,4343750.716661962,0,-4343750.716661962
30500082,Static Zoning,606,82,historical,1878792.8431613918,0,-1878792.8431613918
30500083,Static Zoning,606,83,historical,7620850.593039105,0,-7620850.593039105
30500084,Static Zoning,606,84,historical,10952114.231232675,0,-10952114.231232675
30500085,Static Zoning,606,85,historical,4489388.954957922,0,-4489388.954957922
30500086,Static Zoning,606,86,historical,7541896.295076039,0,-7541896.295076039
30500087,Static Zoning,606,87,historical,7128073.476472992,0,-7128073.476472992
30500088,Static Zoning,606,88,historical,4944116.845978838,0,-4944116.845978838
30500089,Static Zoning,606,89,historical,9623492.054439973,0,-9623492.054439973
30500090,Static Zoning,606,90,historical,4626202.875970091,0,-4626202.875970091
30500091,Static Zoning,606,91,historical,6814713.320012031,0,-6814713.320012031
30500092,Static Zoning,606,92,historical,6863433.716948863,0,-6863433.716948863
30500093,Static Zoning,606,93,historical,1666032.2527553537,0,-1666032.2527553537
30500094,Static Zoning,606,94,historical,6945631.4592157025,0,-6945631.4592157025
30500095,Static Zoning,606,95,historical,4575130.999211052,0,-4575130.999211052
30500096,Static Zoning,606,96,historical,4542065.809836153,0,-4542065.809836153
30500097,Static Zoning,606,97,historical,7172111.154725403,0,-7172111.154725403
30500098,Static Zoning,606,98,historical,4349476.41939538,0,-4349476.41939538
30500099,Static Zoning,606,99,historical,6232736.908210243,0,-6232736.908210243
30500000,Mean DQN,606,0,historical,7663176.386507212,4,-7663176.386507212
30500001,Mean DQN,606,1,historical,5129485.9166367,4,-5129485.9166367
30500002,Mean DQN,606,2,historical,5855380.159255276,4,-5855380.159255276
30500003,Mean DQN,606,3,historical,2921913.5156253297,4,-2921913.5156253297
30500004,Mean DQN,606,4,historical,10352784.259354377,4,-10352784.259354377
30500005,Mean DQN,606,5,historical,5323295.364518128,4,-5323295.364518128
30500006,Mean DQN,606,6,historical,6928148.50193795,4,-6928148.50193795
30500007,Mean DQN,606,7,historical,9150472.988878338,4,-9150472.988878338
30500008,Mean DQN,606,8,historical,4265938.9128225995,4,-4265938.9128225995
30500009,Mean DQN,606,9,historical,8978791.307843266,4,-8978791.307843266
30500010,Mean DQN,606,10,historical,9014856.891887855,4,-9014856.891887855
30500011,Mean DQN,606,11,historical,75940.51956399938,4,-75940.51956399938
30500012,Mean DQN,606,12,historical,8306555.22699371,4,-8306555.22699371
30500013,Mean DQN,606,13,historical,10302214.706431698,4,-10302214.706431698
30500014,Mean DQN,606,14,historical,3678670.527800045,4,-3678670.527800045
30500015,Mean DQN,606,15,historical,260426.46560733218,4,-260426.46560733218
30500016,Mean DQN,606,16,historical,10710320.885059012,4,-10710320.885059012
30500017,Mean DQN,606,17,historical,8431783.814978648,4,-8431783.814978648
30500018,Mean DQN,606,18,historical,6300282.363468578,4,-6300282.363468578
30500019,Mean DQN,606,19,historical,3625860.777054319,4,-3625860.777054319
30500020,Mean DQN,606,20,historical,9297963.499692354,4,-9297963.499692354
30500021,Mean DQN,606,21,historical,8878634.679120537,4,-8878634.679120537
30500022,Mean DQN,606,22,historical,11197186.497280344,4,-11197186.497280344
30500023,Mean DQN,606,23,historical,10814541.522264138,4,-10814541.522264138
30500024,Mean DQN,606,24,historical,2851948.5210057367,4,-2851948.5210057367
30500025,Mean DQN,606,25,historical,2127966.7341052364,4,-2127966.7341052364
30500026,Mean DQN,606,26,historical,10567773.416601302,4,-10567773.416601302
30500027,Mean DQN,606,27,historical,7321076.885265777,4,-7321076.885265777
30500028,Mean DQN,606,28,historical,8443992.882202964,4,-8443992.882202964
30500029,Mean DQN,606,29,historical,6025279.662736535,4,-6025279.662736535
30500030,Mean DQN,606,30,historical,10120473.12111673,4,-10120473.12111673
30500031,Mean DQN,606,31,historical,9527106.406056717,4,-9527106.406056717
30500032,Mean DQN,606,32,historical,7145989.012852263,4,-7145989.012852263
30500033,Mean DQN,606,33,historical,9445373.721542792,4,-9445373.721542792
30500034,Mean DQN,606,34,historical,6935283.337444931,4,-6935283.337444931
30500035,Mean DQN,606,35,historical,6597843.870825367,4,-6597843.870825367
30500036,Mean DQN,606,36,historical,7036945.84008291,4,-7036945.84008291
30500037,Mean DQN,606,37,historical,7044897.035908753,4,-7044897.035908753
30500038,Mean DQN,606,38,historical,4072560.718912108,4,-4072560.718912108
30500039,Mean DQN,606,39,historical,6099303.931386155,4,-6099303.931386155
30500040,Mean DQN,606,40,historical,7600228.919673106,4,-7600228.919673106
30500041,Mean DQN,606,41,historical,11221415.377727201,4,-11221415.377727201
30500042,Mean DQN,606,42,historical,6000829.002409763,4,-6000829.002409763
30500043,Mean DQN,606,43,historical,4196688.207300375,4,-4196688.207300375
30500044,Mean DQN,606,44,historical,6445690.098292025,4,-6445690.098292025
30500045,Mean DQN,606,45,historical,6703414.270723066,4,-6703414.270723066
30500046,Mean DQN,606,46,historical,11584779.092536695,4,-11584779.092536695
30500047,Mean DQN,606,47,historical,3272362.3698355737,4,-3272362.3698355737
30500048,Mean DQN,606,48,historical,5036623.017183401,4,-5036623.017183401
30500049,Mean DQN,606,49,historical,9230764.636357153,4,-9230764.636357153
30500050,Mean DQN,606,50,historical,8068386.823116424,4,-8068386.823116424
30500051,Mean DQN,606,51,historical,9531328.294402733,4,-9531328.294402733
30500052,Mean DQN,606,52,historical,12423094.55208008,4,-12423094.55208008
30500053,Mean DQN,606,53,historical,6029808.564315888,4,-6029808.564315888
30500054,Mean DQN,606,54,historical,7508972.178877739,4,-7508972.178877739
30500055,Mean DQN,606,55,historical,6440004.0302907815,4,-6440004.0302907815
30500056,Mean DQN,606,56,historical,11239458.4113721,4,-11239458.4113721
30500057,Mean DQN,606,57,historical,4085459.065421949,4,-4085459.065421949
30500058,Mean DQN,606,58,historical,5648962.827828405,4,-5648962.827828405
30500059,Mean DQN,606,59,historical,10115924.603446169,4,-10115924.603446169
30500060,Mean DQN,606,60,historical,11060555.661516014,4,-11060555.661516014
30500061,Mean DQN,606,61,historical,9705877.962071372,4,-9705877.962071372
30500062,Mean DQN,606,62,historical,8132015.082029962,4,-8132015.082029962
30500063,Mean DQN,606,63,historical,6832742.563272135,4,-6832742.563272135
30500064,Mean DQN,606,64,historical,5089184.569664299,4,-5089184.569664299
30500065,Mean DQN,606,65,historical,7755535.378957023,4,-7755535.378957023
30500066,Mean DQN,606,66,historical,9505492.2542947,4,-9505492.2542947
30500067,Mean DQN,606,67,historical,5752997.059734481,4,-5752997.059734481
30500068,Mean DQN,606,68,historical,3672113.421984741,4,-3672113.421984741
30500069,Mean DQN,606,69,historical,5899187.776875906,4,-5899187.776875906
30500070,Mean DQN,606,70,historical,7251596.198671016,4,-7251596.198671016
30500071,Mean DQN,606,71,historical,5316113.711623583,4,-5316113.711623583
30500072,Mean DQN,606,72,historical,1636810.4618260418,4,-1636810.4618260418
30500073,Mean DQN,606,73,historical,4509228.642854306,4,-4509228.642854306
30500074,Mean DQN,606,74,historical,2374417.5594282704,4,-2374417.5594282704
30500075,Mean DQN,606,75,historical,7725298.452352333,4,-7725298.452352333
30500076,Mean DQN,606,76,historical,5134228.148903467,4,-5134228.148903467
30500077,Mean DQN,606,77,historical,6274054.39184764,4,-6274054.39184764
30500078,Mean DQN,606,78,historical,7738944.092386926,4,-7738944.092386926
30500079,Mean DQN,606,79,historical,5521286.3245715415,4,-5521286.3245715415
30500080,Mean DQN,606,80,historical,2260151.7856728644,4,-2260151.7856728644
30500081,Mean DQN,606,81,historical,4402493.250626515,4,-4402493.250626515
30500082,Mean DQN,606,82,historical,1902654.922209791,4,-1902654.922209791
30500083,Mean DQN,606,83,historical,7655399.8727330305,4,-7655399.8727330305
30500084,Mean DQN,606,84,historical,10970780.19639402,4,-10970780.19639402
30500085,Mean DQN,606,85,historical,4545939.156796804,4,-4545939.156796804
30500086,Mean DQN,606,86,historical,7600583.291219898,4,-7600583.291219898
30500087,Mean DQN,606,87,historical,7174247.384087862,4,-7174247.384087862
30500088,Mean DQN,606,88,historical,4981269.117072342,4,-4981269.117072342
30500089,Mean DQN,606,89,historical,9641467.383029923,4,-9641467.383029923
30500090,Mean DQN,606,90,historical,4679040.84940123,4,-4679040.84940123
30500091,Mean DQN,606,91,historical,6882120.050232208,4,-6882120.050232208
30500092,Mean DQN,606,92,historical,6879569.12761244,4,-6879569.12761244
30500093,Mean DQN,606,93,historical,1711807.0067798076,4,-1711807.0067798076
30500094,Mean DQN,606,94,historical,7008865.021099968,4,-7008865.021099968
30500095,Mean DQN,606,95,historical,4600216.611511636,4,-4600216.611511636
30500096,Mean DQN,606,96,historical,4583800.768467526,4,-4583800.768467526
30500097,Mean DQN,606,97,historical,7207055.375462059,4,-7207055.375462059
30500098,Mean DQN,606,98,historical,4395131.523424527,4,-4395131.523424527
30500099,Mean DQN,606,99,historical,6290259.720457976,4,-6290259.720457976
30500000,QR Mean,606,0,historical,7692709.814439089,4,-7692709.814439089
30500001,QR Mean,606,1,historical,5125879.886994394,4,-5125879.886994394
30500002,QR Mean,606,2,historical,5852311.419055223,4,-5852311.419055223
30500003,QR Mean,606,3,historical,2923943.5082962736,4,-2923943.5082962736
30500004,QR Mean,606,4,historical,10346618.427756071,4,-10346618.427756071
30500005,QR Mean,606,5,historical,5354917.648985291,4,-5354917.648985291
30500006,QR Mean,606,6,historical,6938097.490552709,4,-6938097.490552709
30500007,QR Mean,606,7,historical,9134552.8668188,4,-9134552.8668188
30500008,QR Mean,606,8,historical,4275387.613418361,4,-4275387.613418361
30500009,QR Mean,606,9,historical,8959778.935694741,4,-8959778.935694741
30500010,QR Mean,606,10,historical,8998441.18899475,4,-8998441.18899475
30500011,QR Mean,606,11,historical,72860.52627183474,4,-72860.52627183474
30500012,QR Mean,606,12,historical,8297732.292756147,4,-8297732.292756147
30500013,QR Mean,606,13,historical,10298896.200933358,4,-10298896.200933358
30500014,QR Mean,606,14,historical,3678867.672238541,4,-3678867.672238541
30500015,QR Mean,606,15,historical,246699.8981849315,4,-246699.8981849315
30500016,QR Mean,606,16,historical,10697228.070111405,4,-10697228.070111405
30500017,QR Mean,606,17,historical,8409652.40065457,4,-8409652.40065457
30500018,QR Mean,606,18,historical,6287802.259430362,4,-6287802.259430362
30500019,QR Mean,606,19,historical,3619205.778789684,4,-3619205.778789684
30500020,QR Mean,606,20,historical,9319318.38935465,4,-9319318.38935465
30500021,QR Mean,606,21,historical,8887678.445389807,4,-8887678.445389807
30500022,QR Mean,606,22,historical,11193382.360362645,4,-11193382.360362645
30500023,QR Mean,606,23,historical,10852993.136166463,4,-10852993.136166463
30500024,QR Mean,606,24,historical,2852020.656075648,4,-2852020.656075648
30500025,QR Mean,606,25,historical,2131949.360225322,4,-2131949.360225322
30500026,QR Mean,606,26,historical,10563908.172627416,4,-10563908.172627416
30500027,QR Mean,606,27,historical,7351566.301779157,4,-7351566.301779157
30500028,QR Mean,606,28,historical,8428077.179837601,4,-8428077.179837601
30500029,QR Mean,606,29,historical,6018060.225096919,4,-6018060.225096919
30500030,QR Mean,606,30,historical,10113973.525397193,4,-10113973.525397193
30500031,QR Mean,606,31,historical,9515800.351569341,4,-9515800.351569341
30500032,QR Mean,606,32,historical,7151626.077959077,4,-7151626.077959077
30500033,QR Mean,606,33,historical,9447860.979605671,4,-9447860.979605671
30500034,QR Mean,606,34,historical,6921734.311333386,4,-6921734.311333386
30500035,QR Mean,606,35,historical,6593909.430384998,4,-6593909.430384998
30500036,QR Mean,606,36,historical,7042728.60809473,4,-7042728.60809473
30500037,QR Mean,606,37,historical,7051267.564609526,4,-7051267.564609526
30500038,QR Mean,606,38,historical,4061772.76919382,4,-4061772.76919382
30500039,QR Mean,606,39,historical,6085399.617251946,4,-6085399.617251946
30500040,QR Mean,606,40,historical,7599476.434752697,4,-7599476.434752697
30500041,QR Mean,606,41,historical,11202820.040521868,4,-11202820.040521868
30500042,QR Mean,606,42,historical,5982772.032708669,4,-5982772.032708669
30500043,QR Mean,606,43,historical,4214470.951274825,4,-4214470.951274825
30500044,QR Mean,606,44,historical,6455931.148264221,4,-6455931.148264221
30500045,QR Mean,606,45,historical,6685918.309472509,4,-6685918.309472509
30500046,QR Mean,606,46,historical,11570355.222022546,4,-11570355.222022546
30500047,QR Mean,606,47,historical,3266775.015864917,4,-3266775.015864917
30500048,QR Mean,606,48,historical,5027514.977627698,4,-5027514.977627698
30500049,QR Mean,606,49,historical,9220555.734146161,4,-9220555.734146161
30500050,QR Mean,606,50,historical,8063143.468467052,4,-8063143.468467052
30500051,QR Mean,606,51,historical,9563906.925313873,4,-9563906.925313873
30500052,QR Mean,606,52,historical,12412583.294697735,4,-12412583.294697735
30500053,QR Mean,606,53,historical,6031938.8008080255,4,-6031938.8008080255
30500054,QR Mean,606,54,historical,7506153.529854991,4,-7506153.529854991
30500055,QR Mean,606,55,historical,6435211.9175659465,4,-6435211.9175659465
30500056,QR Mean,606,56,historical,11230391.872976316,4,-11230391.872976316
30500057,QR Mean,606,57,historical,4073563.5331354076,4,-4073563.5331354076
30500058,QR Mean,606,58,historical,5661523.318417706,4,-5661523.318417706
30500059,QR Mean,606,59,historical,10125113.713911407,4,-10125113.713911407
30500060,QR Mean,606,60,historical,11057547.755866237,4,-11057547.755866237
30500061,QR Mean,606,61,historical,9690734.639724925,4,-9690734.639724925
30500062,QR Mean,606,62,historical,8139753.2380400635,4,-8139753.2380400635
30500063,QR Mean,606,63,historical,6829136.017542888,4,-6829136.017542888
30500064,QR Mean,606,64,historical,5105578.950557381,4,-5105578.950557381
30500065,QR Mean,606,65,historical,7764174.159513537,4,-7764174.159513537
30500066,QR Mean,606,66,historical,9501188.875732845,4,-9501188.875732845
30500067,QR Mean,606,67,historical,5750332.283625918,4,-5750332.283625918
30500068,QR Mean,606,68,historical,3681138.923811901,4,-3681138.923811901
30500069,QR Mean,606,69,historical,5920762.6585725825,4,-5920762.6585725825
30500070,QR Mean,606,70,historical,7247404.174309384,4,-7247404.174309384
30500071,QR Mean,606,71,historical,5305695.998731094,4,-5305695.998731094
30500072,QR Mean,606,72,historical,1623756.339282758,4,-1623756.339282758
30500073,QR Mean,606,73,historical,4487000.716780164,4,-4487000.716780164
30500074,QR Mean,606,74,historical,2381661.302836349,4,-2381661.302836349
30500075,QR Mean,606,75,historical,7718568.944198966,4,-7718568.944198966
30500076,QR Mean,606,76,historical,5118162.859207393,4,-5118162.859207393
30500077,QR Mean,606,77,historical,6300636.175070859,4,-6300636.175070859
30500078,QR Mean,606,78,historical,7730976.521850568,4,-7730976.521850568
30500079,QR Mean,606,79,historical,5521893.239715983,4,-5521893.239715983
30500080,QR Mean,606,80,historical,2264301.8809828022,4,-2264301.8809828022
30500081,QR Mean,606,81,historical,4409713.182405744,4,-4409713.182405744
30500082,QR Mean,606,82,historical,1884312.9326054908,4,-1884312.9326054908
30500083,QR Mean,606,83,historical,7672523.73371498,4,-7672523.73371498
30500084,QR Mean,606,84,historical,10959895.739740632,4,-10959895.739740632
30500085,QR Mean,606,85,historical,4543189.434443953,4,-4543189.434443953
30500086,QR Mean,606,86,historical,7574946.8638469465,4,-7574946.8638469465
30500087,QR Mean,606,87,historical,7192592.219109489,4,-7192592.219109489
30500088,QR Mean,606,88,historical,4969700.101542167,4,-4969700.101542167
30500089,QR Mean,606,89,historical,9637371.568319116,4,-9637371.568319116
30500090,QR Mean,606,90,historical,4683536.72311737,4,-4683536.72311737
30500091,QR Mean,606,91,historical,6879720.437283492,4,-6879720.437283492
30500092,QR Mean,606,92,historical,6880579.031076791,4,-6880579.031076791
30500093,QR Mean,606,93,historical,1699328.702263067,4,-1699328.702263067
30500094,QR Mean,606,94,historical,7001137.494946256,4,-7001137.494946256
30500095,QR Mean,606,95,historical,4604384.739323764,4,-4604384.739323764
30500096,QR Mean,606,96,historical,4601222.297836206,4,-4601222.297836206
30500097,QR Mean,606,97,historical,7226901.532337513,4,-7226901.532337513
30500098,QR Mean,606,98,historical,4398700.5551557345,4,-4398700.5551557345
30500099,QR Mean,606,99,historical,6281667.700099664,4,-6281667.700099664
30500000,Tail-QR Zoning,606,0,historical,7616420.5364395855,2,-7616420.5364395855
30500001,Tail-QR Zoning,606,1,historical,5058467.407360532,2,-5058467.407360532
30500002,Tail-QR Zoning,606,2,historical,5748746.869886946,2,-5748746.869886946
30500003,Tail-QR Zoning,606,3,historical,2865499.7100217924,2,-2865499.7100217924
30500004,Tail-QR Zoning,606,4,historical,10277198.260704555,2,-10277198.260704555
30500005,Tail-QR Zoning,606,5,historical,5263603.820696288,2,-5263603.820696288
30500006,Tail-QR Zoning,606,6,historical,6857075.124926429,2,-6857075.124926429
30500007,Tail-QR Zoning,606,7,historical,9043634.373981414,2,-9043634.373981414
30500008,Tail-QR Zoning,606,8,historical,4190688.9235335663,2,-4190688.9235335663
30500009,Tail-QR Zoning,606,9,historical,8867172.743973615,2,-8867172.743973615
30500010,Tail-QR Zoning,606,10,historical,8899766.898797685,2,-8899766.898797685
30500011,Tail-QR Zoning,606,11,historical,-29011.854235448758,2,29011.854235448758
30500012,Tail-QR Zoning,606,12,historical,8228093.429436617,2,-8228093.429436617
30500013,Tail-QR Zoning,606,13,historical,10221897.47826322,2,-10221897.47826322
30500014,Tail-QR Zoning,606,14,historical,3570772.665403194,2,-3570772.665403194
30500015,Tail-QR Zoning,606,15,historical,166280.35496804363,2,-166280.35496804363
30500016,Tail-QR Zoning,606,16,historical,10644420.003400557,2,-10644420.003400557
30500017,Tail-QR Zoning,606,17,historical,8318650.116146665,2,-8318650.116146665
30500018,Tail-QR Zoning,606,18,historical,6208942.861941474,2,-6208942.861941474
30500019,Tail-QR Zoning,606,19,historical,3518591.178860921,2,-3518591.178860921
30500020,Tail-QR Zoning,606,20,historical,9210066.001282945,2,-9210066.001282945
30500021,Tail-QR Zoning,606,21,historical,8837834.841849066,2,-8837834.841849066
30500022,Tail-QR Zoning,606,22,historical,11143626.329474691,2,-11143626.329474691
30500023,Tail-QR Zoning,606,23,historical,10783146.737480767,2,-10783146.737480767
30500024,Tail-QR Zoning,606,24,historical,2774097.742109587,2,-2774097.742109587
30500025,Tail-QR Zoning,606,25,historical,2050982.8273572756,2,-2050982.8273572756
30500026,Tail-QR Zoning,606,26,historical,10498178.445542231,2,-10498178.445542231
30500027,Tail-QR Zoning,606,27,historical,7265820.486594909,2,-7265820.486594909
30500028,Tail-QR Zoning,606,28,historical,8316139.472895926,2,-8316139.472895926
30500029,Tail-QR Zoning,606,29,historical,5940481.17144752,2,-5940481.17144752
30500030,Tail-QR Zoning,606,30,historical,10056624.83243941,2,-10056624.83243941
30500031,Tail-QR Zoning,606,31,historical,9453510.9803682,2,-9453510.9803682
30500032,Tail-QR Zoning,606,32,historical,7084775.5590147395,2,-7084775.5590147395
30500033,Tail-QR Zoning,606,33,historical,9393025.447406512,2,-9393025.447406512
30500034,Tail-QR Zoning,606,34,historical,6866768.756856475,2,-6866768.756856475
30500035,Tail-QR Zoning,606,35,historical,6524174.907420192,2,-6524174.907420192
30500036,Tail-QR Zoning,606,36,historical,6984544.039810233,2,-6984544.039810233
30500037,Tail-QR Zoning,606,37,historical,6923877.04911626,2,-6923877.04911626
30500038,Tail-QR Zoning,606,38,historical,4002867.857578409,2,-4002867.857578409
30500039,Tail-QR Zoning,606,39,historical,5976924.469945802,2,-5976924.469945802
30500040,Tail-QR Zoning,606,40,historical,7548520.432363855,2,-7548520.432363855
30500041,Tail-QR Zoning,606,41,historical,11140739.48616805,2,-11140739.48616805
30500042,Tail-QR Zoning,606,42,historical,5930347.53919924,2,-5930347.53919924
30500043,Tail-QR Zoning,606,43,historical,4100536.0752373203,2,-4100536.0752373203
30500044,Tail-QR Zoning,606,44,historical,6362949.088654409,2,-6362949.088654409
30500045,Tail-QR Zoning,606,45,historical,6636982.749580126,2,-6636982.749580126
30500046,Tail-QR Zoning,606,46,historical,11493794.46231167,2,-11493794.46231167
30500047,Tail-QR Zoning,606,47,historical,3196164.4691119767,2,-3196164.4691119767
30500048,Tail-QR Zoning,606,48,historical,4944297.935787909,2,-4944297.935787909
30500049,Tail-QR Zoning,606,49,historical,9155079.750313591,2,-9155079.750313591
30500050,Tail-QR Zoning,606,50,historical,8008005.124406664,2,-8008005.124406664
30500051,Tail-QR Zoning,606,51,historical,9463177.115073683,2,-9463177.115073683
30500052,Tail-QR Zoning,606,52,historical,12333596.822936004,2,-12333596.822936004
30500053,Tail-QR Zoning,606,53,historical,5973438.953700218,2,-5973438.953700218
30500054,Tail-QR Zoning,606,54,historical,7428730.665696708,2,-7428730.665696708
30500055,Tail-QR Zoning,606,55,historical,6371446.68510304,2,-6371446.68510304
30500056,Tail-QR Zoning,606,56,historical,11154686.783616228,2,-11154686.783616228
30500057,Tail-QR Zoning,606,57,historical,4023441.827663141,2,-4023441.827663141
30500058,Tail-QR Zoning,606,58,historical,5575043.525413955,2,-5575043.525413955
30500059,Tail-QR Zoning,606,59,historical,10079116.690396208,2,-10079116.690396208
30500060,Tail-QR Zoning,606,60,historical,10988374.584803388,2,-10988374.584803388
30500061,Tail-QR Zoning,606,61,historical,9649229.986601569,2,-9649229.986601569
30500062,Tail-QR Zoning,606,62,historical,8075801.74962354,2,-8075801.74962354
30500063,Tail-QR Zoning,606,63,historical,6746356.283795172,2,-6746356.283795172
30500064,Tail-QR Zoning,606,64,historical,5016090.804838859,2,-5016090.804838859
30500065,Tail-QR Zoning,606,65,historical,7707331.3503399985,2,-7707331.3503399985
30500066,Tail-QR Zoning,606,66,historical,9454186.098205438,2,-9454186.098205438
30500067,Tail-QR Zoning,606,67,historical,5680184.430952449,2,-5680184.430952449
30500068,Tail-QR Zoning,606,68,historical,3633884.173029277,2,-3633884.173029277
30500069,Tail-QR Zoning,606,69,historical,5857108.670197308,2,-5857108.670197308
30500070,Tail-QR Zoning,606,70,historical,7177997.150429288,2,-7177997.150429288
30500071,Tail-QR Zoning,606,71,historical,5201947.643737632,2,-5201947.643737632
30500072,Tail-QR Zoning,606,72,historical,1561968.7363716662,2,-1561968.7363716662
30500073,Tail-QR Zoning,606,73,historical,4422070.725635282,2,-4422070.725635282
30500074,Tail-QR Zoning,606,74,historical,2262961.7075702976,2,-2262961.7075702976
30500075,Tail-QR Zoning,606,75,historical,7654534.9720935915,2,-7654534.9720935915
30500076,Tail-QR Zoning,606,76,historical,5019427.271270986,2,-5019427.271270986
30500077,Tail-QR Zoning,606,77,historical,6244353.473399085,2,-6244353.473399085
30500078,Tail-QR Zoning,606,78,historical,7637359.877568476,2,-7637359.877568476
30500079,Tail-QR Zoning,606,79,historical,5414298.825636055,2,-5414298.825636055
30500080,Tail-QR Zoning,606,80,historical,2197367.3113543354,2,-2197367.3113543354
30500081,Tail-QR Zoning,606,81,historical,4316536.188395119,2,-4316536.188395119
30500082,Tail-QR Zoning,606,82,historical,1843056.392341635,2,-1843056.392341635
30500083,Tail-QR Zoning,606,83,historical,7586500.832871592,2,-7586500.832871592
30500084,Tail-QR Zoning,606,84,historical,10902675.949350448,2,-10902675.949350448
30500085,Tail-QR Zoning,606,85,historical,4453474.981679665,2,-4453474.981679665
30500086,Tail-QR Zoning,606,86,historical,7503186.586791303,2,-7503186.586791303
30500087,Tail-QR Zoning,606,87,historical,7110840.652158939,2,-7110840.652158939
30500088,Tail-QR Zoning,606,88,historical,4894920.067233045,2,-4894920.067233045
30500089,Tail-QR Zoning,606,89,historical,9587213.500038777,2,-9587213.500038777
30500090,Tail-QR Zoning,606,90,historical,4606501.319819353,2,-4606501.319819353
30500091,Tail-QR Zoning,606,91,historical,6782803.479467709,2,-6782803.479467709
30500092,Tail-QR Zoning,606,92,historical,6825232.813721854,2,-6825232.813721854
30500093,Tail-QR Zoning,606,93,historical,1628064.0428402973,2,-1628064.0428402973
30500094,Tail-QR Zoning,606,94,historical,6907752.851069797,2,-6907752.851069797
30500095,Tail-QR Zoning,606,95,historical,4543747.104922503,2,-4543747.104922503
30500096,Tail-QR Zoning,606,96,historical,4508774.964329274,2,-4508774.964329274
30500097,Tail-QR Zoning,606,97,historical,7145504.78686095,2,-7145504.78686095
30500098,Tail-QR Zoning,606,98,historical,4317028.032460515,2,-4317028.032460515
30500099,Tail-QR Zoning,606,99,historical,6199468.610034799,2,-6199468.610034799
30600000,Static Zoning,707,0,historical,4781828.031175625,0,-4781828.031175625
30600001,Static Zoning,707,1,historical,5184987.460657395,0,-5184987.460657395
30600002,Static Zoning,707,2,historical,3546139.281811203,0,-3546139.281811203
30600003,Static Zoning,707,3,historical,9666438.493011136,0,-9666438.493011136
30600004,Static Zoning,707,4,historical,5900733.637028878,0,-5900733.637028878
30600005,Static Zoning,707,5,historical,523403.84343663906,0,-523403.84343663906
30600006,Static Zoning,707,6,historical,11763560.030772202,0,-11763560.030772202
30600007,Static Zoning,707,7,historical,9462228.962981122,0,-9462228.962981122
30600008,Static Zoning,707,8,historical,8967452.744775567,0,-8967452.744775567
30600009,Static Zoning,707,9,historical,1465850.3463318076,0,-1465850.3463318076
30600010,Static Zoning,707,10,historical,4537967.4977629315,0,-4537967.4977629315
30600011,Static Zoning,707,11,historical,4858993.473123642,0,-4858993.473123642
30600012,Static Zoning,707,12,historical,3120120.3642703462,0,-3120120.3642703462
30600013,Static Zoning,707,13,historical,3448006.1251662904,0,-3448006.1251662904
30600014,Static Zoning,707,14,historical,11782288.884160427,0,-11782288.884160427
30600015,Static Zoning,707,15,historical,4710281.390521175,0,-4710281.390521175
30600016,Static Zoning,707,16,historical,4645095.610494699,0,-4645095.610494699
30600017,Static Zoning,707,17,historical,5891860.224490364,0,-5891860.224490364
30600018,Static Zoning,707,18,historical,8594080.287592432,0,-8594080.287592432
30600019,Static Zoning,707,19,historical,3976455.482591861,0,-3976455.482591861
30600020,Static Zoning,707,20,historical,9481992.277662914,0,-9481992.277662914
30600021,Static Zoning,707,21,historical,1714788.622061876,0,-1714788.622061876
30600022,Static Zoning,707,22,historical,7044131.404609631,0,-7044131.404609631
30600023,Static Zoning,707,23,historical,7847976.891527029,0,-7847976.891527029
30600024,Static Zoning,707,24,historical,5424504.687944833,0,-5424504.687944833
30600025,Static Zoning,707,25,historical,-64953.73190352059,0,64953.73190352059
30600026,Static Zoning,707,26,historical,7469607.499410493,0,-7469607.499410493
30600027,Static Zoning,707,27,historical,4866888.1510587325,0,-4866888.1510587325
30600028,Static Zoning,707,28,historical,6754316.431335174,0,-6754316.431335174
30600029,Static Zoning,707,29,historical,12547049.558086589,0,-12547049.558086589
30600030,Static Zoning,707,30,historical,2897468.720790696,0,-2897468.720790696
30600031,Static Zoning,707,31,historical,4886409.793965258,0,-4886409.793965258
30600032,Static Zoning,707,32,historical,7976205.419238567,0,-7976205.419238567
30600033,Static Zoning,707,33,historical,6931579.810910253,0,-6931579.810910253
30600034,Static Zoning,707,34,historical,7970209.13162522,0,-7970209.13162522
30600035,Static Zoning,707,35,historical,10384565.70496929,0,-10384565.70496929
30600036,Static Zoning,707,36,historical,9798261.96994637,0,-9798261.96994637
30600037,Static Zoning,707,37,historical,8780925.921297774,0,-8780925.921297774
30600038,Static Zoning,707,38,historical,9501825.238093983,0,-9501825.238093983
30600039,Static Zoning,707,39,historical,3092512.304070434,0,-3092512.304070434
30600040,Static Zoning,707,40,historical,11057826.903277032,0,-11057826.903277032
30600041,Static Zoning,707,41,historical,5434996.493128433,0,-5434996.493128433
30600042,Static Zoning,707,42,historical,8204554.019820819,0,-8204554.019820819
30600043,Static Zoning,707,43,historical,6031619.721497364,0,-6031619.721497364
30600044,Static Zoning,707,44,historical,10688780.491485141,0,-10688780.491485141
30600045,Static Zoning,707,45,historical,7306861.56159087,0,-7306861.56159087
30600046,Static Zoning,707,46,historical,2970250.949904839,0,-2970250.949904839
30600047,Static Zoning,707,47,historical,196670.21319634095,0,-196670.21319634095
30600048,Static Zoning,707,48,historical,4466009.368603771,0,-4466009.368603771
30600049,Static Zoning,707,49,historical,9953652.309220027,0,-9953652.309220027
30600050,Static Zoning,707,50,historical,4520626.219863928,0,-4520626.219863928
30600051,Static Zoning,707,51,historical,9524579.17501311,0,-9524579.17501311
30600052,Static Zoning,707,52,historical,7761094.2591557475,0,-7761094.2591557475
30600053,Static Zoning,707,53,historical,3125696.3310065027,0,-3125696.3310065027
30600054,Static Zoning,707,54,historical,11417224.204479808,0,-11417224.204479808
30600055,Static Zoning,707,55,historical,6685349.960568782,0,-6685349.960568782
30600056,Static Zoning,707,56,historical,4175544.728059735,0,-4175544.728059735
30600057,Static Zoning,707,57,historical,4328021.372761721,0,-4328021.372761721
30600058,Static Zoning,707,58,historical,2648574.2683285275,0,-2648574.2683285275
30600059,Static Zoning,707,59,historical,12983971.843487546,0,-12983971.843487546
30600060,Static Zoning,707,60,historical,8091378.60560916,0,-8091378.60560916
30600061,Static Zoning,707,61,historical,12169979.838016462,0,-12169979.838016462
30600062,Static Zoning,707,62,historical,6994701.111173219,0,-6994701.111173219
30600063,Static Zoning,707,63,historical,4915623.116371496,0,-4915623.116371496
30600064,Static Zoning,707,64,historical,5721130.086876781,0,-5721130.086876781
30600065,Static Zoning,707,65,historical,6882777.949890983,0,-6882777.949890983
30600066,Static Zoning,707,66,historical,5711895.087796583,0,-5711895.087796583
30600067,Static Zoning,707,67,historical,5819668.4622321045,0,-5819668.4622321045
30600068,Static Zoning,707,68,historical,14075576.29917268,0,-14075576.29917268
30600069,Static Zoning,707,69,historical,7414899.926213813,0,-7414899.926213813
30600070,Static Zoning,707,70,historical,7959312.81995856,0,-7959312.81995856
30600071,Static Zoning,707,71,historical,8681130.671152443,0,-8681130.671152443
30600072,Static Zoning,707,72,historical,2763489.4983530464,0,-2763489.4983530464
30600073,Static Zoning,707,73,historical,7016222.905905107,0,-7016222.905905107
30600074,Static Zoning,707,74,historical,9749550.544677988,0,-9749550.544677988
30600075,Static Zoning,707,75,historical,7385219.622490226,0,-7385219.622490226
30600076,Static Zoning,707,76,historical,9099017.449710198,0,-9099017.449710198
30600077,Static Zoning,707,77,historical,8635452.56168475,0,-8635452.56168475
30600078,Static Zoning,707,78,historical,5965100.549628502,0,-5965100.549628502
30600079,Static Zoning,707,79,historical,1976107.0598998033,0,-1976107.0598998033
30600080,Static Zoning,707,80,historical,7065699.595349826,0,-7065699.595349826
30600081,Static Zoning,707,81,historical,6914813.061223259,0,-6914813.061223259
30600082,Static Zoning,707,82,historical,11089191.01973136,0,-11089191.01973136
30600083,Static Zoning,707,83,historical,6517389.877204923,0,-6517389.877204923
30600084,Static Zoning,707,84,historical,9354413.04126205,0,-9354413.04126205
30600085,Static Zoning,707,85,historical,8907311.339945477,0,-8907311.339945477
30600086,Static Zoning,707,86,historical,6777447.565880738,0,-6777447.565880738
30600087,Static Zoning,707,87,historical,1761446.0164019114,0,-1761446.0164019114
30600088,Static Zoning,707,88,historical,7272570.857043172,0,-7272570.857043172
30600089,Static Zoning,707,89,historical,5158116.499052102,0,-5158116.499052102
30600090,Static Zoning,707,90,historical,3614358.707163166,0,-3614358.707163166
30600091,Static Zoning,707,91,historical,7329815.487135164,0,-7329815.487135164
30600092,Static Zoning,707,92,historical,2991058.4131959677,0,-2991058.4131959677
30600093,Static Zoning,707,93,historical,7480914.411100183,0,-7480914.411100183
30600094,Static Zoning,707,94,historical,3781056.073097754,0,-3781056.073097754
30600095,Static Zoning,707,95,historical,6762256.1026727725,0,-6762256.1026727725
30600096,Static Zoning,707,96,historical,10028133.253233831,0,-10028133.253233831
30600097,Static Zoning,707,97,historical,8173547.222077866,0,-8173547.222077866
30600098,Static Zoning,707,98,historical,13953416.312240673,0,-13953416.312240673
30600099,Static Zoning,707,99,historical,6785678.178771226,0,-6785678.178771226
30600000,Mean DQN,707,0,historical,4873786.724017471,3,-4873786.724017471
30600001,Mean DQN,707,1,historical,5256446.869557313,3,-5256446.869557313
30600002,Mean DQN,707,2,historical,3613860.1872313716,3,-3613860.1872313716
30600003,Mean DQN,707,3,historical,9715318.025068449,3,-9715318.025068449
30600004,Mean DQN,707,4,historical,5929558.034415769,3,-5929558.034415769
30600005,Mean DQN,707,5,historical,549075.0119122008,3,-549075.0119122008
30600006,Mean DQN,707,6,historical,11804862.834982887,3,-11804862.834982887
30600007,Mean DQN,707,7,historical,9485092.547684679,3,-9485092.547684679
30600008,Mean DQN,707,8,historical,8976991.97529913,3,-8976991.97529913
30600009,Mean DQN,707,9,historical,1549735.232841339,3,-1549735.232841339
30600010,Mean DQN,707,10,historical,4565529.99064059,3,-4565529.99064059
30600011,Mean DQN,707,11,historical,4904242.396599186,3,-4904242.396599186
30600012,Mean DQN,707,12,historical,3160417.4549807264,3,-3160417.4549807264
30600013,Mean DQN,707,13,historical,3466350.1263520913,3,-3466350.1263520913
30600014,Mean DQN,707,14,historical,11823128.685828418,3,-11823128.685828418
30600015,Mean DQN,707,15,historical,4746491.015729923,3,-4746491.015729923
30600016,Mean DQN,707,16,historical,4678223.3693805775,3,-4678223.3693805775
30600017,Mean DQN,707,17,historical,5936668.539721411,3,-5936668.539721411
30600018,Mean DQN,707,18,historical,8626254.280035244,3,-8626254.280035244
30600019,Mean DQN,707,19,historical,4012260.478020036,3,-4012260.478020036
30600020,Mean DQN,707,20,historical,9534633.946206748,3,-9534633.946206748
30600021,Mean DQN,707,21,historical,1769756.1837337443,3,-1769756.1837337443
30600022,Mean DQN,707,22,historical,7098600.259807562,3,-7098600.259807562
30600023,Mean DQN,707,23,historical,7922980.60092251,3,-7922980.60092251
30600024,Mean DQN,707,24,historical,5465972.609394813,3,-5465972.609394813
30600025,Mean DQN,707,25,historical,-10982.85930080514,3,10982.85930080514
30600026,Mean DQN,707,26,historical,7524072.370648647,3,-7524072.370648647
30600027,Mean DQN,707,27,historical,4884176.859211536,3,-4884176.859211536
30600028,Mean DQN,707,28,historical,6775355.272667731,3,-6775355.272667731
30600029,Mean DQN,707,29,historical,12578120.032490456,3,-12578120.032490456
30600030,Mean DQN,707,30,historical,2970161.0091260616,3,-2970161.0091260616
30600031,Mean DQN,707,31,historical,4966755.138432762,3,-4966755.138432762
30600032,Mean DQN,707,32,historical,8023879.604467439,3,-8023879.604467439
30600033,Mean DQN,707,33,historical,6977659.697105644,3,-6977659.697105644
30600034,Mean DQN,707,34,historical,8004386.620033737,3,-8004386.620033737
30600035,Mean DQN,707,35,historical,10419425.413717471,3,-10419425.413717471
30600036,Mean DQN,707,36,historical,9858799.203641482,3,-9858799.203641482
30600037,Mean DQN,707,37,historical,8793096.191572703,3,-8793096.191572703
30600038,Mean DQN,707,38,historical,9534121.700446196,3,-9534121.700446196
30600039,Mean DQN,707,39,historical,3159261.6321590375,3,-3159261.6321590375
30600040,Mean DQN,707,40,historical,11124558.686344462,3,-11124558.686344462
30600041,Mean DQN,707,41,historical,5490143.790519775,3,-5490143.790519775
30600042,Mean DQN,707,42,historical,8255025.452411827,3,-8255025.452411827
30600043,Mean DQN,707,43,historical,6103304.035571465,3,-6103304.035571465
30600044,Mean DQN,707,44,historical,10711579.411090486,3,-10711579.411090486
30600045,Mean DQN,707,45,historical,7329870.452646969,3,-7329870.452646969
30600046,Mean DQN,707,46,historical,3001277.9980041077,3,-3001277.9980041077
30600047,Mean DQN,707,47,historical,274419.808777774,3,-274419.808777774
30600048,Mean DQN,707,48,historical,4506435.689500365,3,-4506435.689500365
30600049,Mean DQN,707,49,historical,9977597.13374084,3,-9977597.13374084
30600050,Mean DQN,707,50,historical,4558207.797113557,3,-4558207.797113557
30600051,Mean DQN,707,51,historical,9553048.413047666,3,-9553048.413047666
30600052,Mean DQN,707,52,historical,7808888.897539472,3,-7808888.897539472
30600053,Mean DQN,707,53,historical,3193486.1461402457,3,-3193486.1461402457
30600054,Mean DQN,707,54,historical,11420235.808698118,3,-11420235.808698118
30600055,Mean DQN,707,55,historical,6725341.296602565,3,-6725341.296602565
30600056,Mean DQN,707,56,historical,4224396.87181517,3,-4224396.87181517
30600057,Mean DQN,707,57,historical,4377493.248874784,3,-4377493.248874784
30600058,Mean DQN,707,58,historical,2688131.698152653,3,-2688131.698152653
30600059,Mean DQN,707,59,historical,12993243.605477614,3,-12993243.605477614
30600060,Mean DQN,707,60,historical,8115929.928370975,3,-8115929.928370975
30600061,Mean DQN,707,61,historical,12226411.694913756,3,-12226411.694913756
30600062,Mean DQN,707,62,historical,7050324.820080791,3,-7050324.820080791
30600063,Mean DQN,707,63,historical,5002767.467615933,3,-5002767.467615933
30600064,Mean DQN,707,64,historical,5756865.283587431,3,-5756865.283587431
30600065,Mean DQN,707,65,historical,6931493.527325268,3,-6931493.527325268
30600066,Mean DQN,707,66,historical,5774392.949247975,3,-5774392.949247975
30600067,Mean DQN,707,67,historical,5865107.3921999745,3,-5865107.3921999745
30600068,Mean DQN,707,68,historical,14121040.31700914,3,-14121040.31700914
30600069,Mean DQN,707,69,historical,7477841.43560238,3,-7477841.43560238
30600070,Mean DQN,707,70,historical,8000569.854541324,3,-8000569.854541324
30600071,Mean DQN,707,71,historical,8712727.929275606,3,-8712727.929275606
30600072,Mean DQN,707,72,historical,2786431.09612588,3,-2786431.09612588
30600073,Mean DQN,707,73,historical,7064949.309314337,3,-7064949.309314337
30600074,Mean DQN,707,74,historical,9785058.935453411,3,-9785058.935453411
30600075,Mean DQN,707,75,historical,7434321.474196822,3,-7434321.474196822
30600076,Mean DQN,707,76,historical,9133983.990144186,3,-9133983.990144186
30600077,Mean DQN,707,77,historical,8638056.916935813,3,-8638056.916935813
30600078,Mean DQN,707,78,historical,6020952.28430667,3,-6020952.28430667
30600079,Mean DQN,707,79,historical,2042537.3651270573,3,-2042537.3651270573
30600080,Mean DQN,707,80,historical,7150720.94156968,3,-7150720.94156968
30600081,Mean DQN,707,81,historical,6962745.138578945,3,-6962745.138578945
30600082,Mean DQN,707,82,historical,11125160.548243161,3,-11125160.548243161
30600083,Mean DQN,707,83,historical,6547267.540015525,3,-6547267.540015525
30600084,Mean DQN,707,84,historical,9368117.567712508,3,-9368117.567712508
30600085,Mean DQN,707,85,historical,8941088.37071175,3,-8941088.37071175
30600086,Mean DQN,707,86,historical,6821573.504310416,3,-6821573.504310416
30600087,Mean DQN,707,87,historical,1821174.9634049172,3,-1821174.9634049172
30600088,Mean DQN,707,88,historical,7307447.470650988,3,-7307447.470650988
30600089,Mean DQN,707,89,historical,5215225.802197989,3,-5215225.802197989
30600090,Mean DQN,707,90,historical,3641272.601954775,3,-3641272.601954775
30600091,Mean DQN,707,91,historical,7370168.868810999,3,-7370168.868810999
30600092,Mean DQN,707,92,historical,3022829.4528545337,3,-3022829.4528545337
30600093,Mean DQN,707,93,historical,7507414.100851455,3,-7507414.100851455
30600094,Mean DQN,707,94,historical,3827396.2337095756,3,-3827396.2337095756
30600095,Mean DQN,707,95,historical,6758268.543085599,3,-6758268.543085599
30600096,Mean DQN,707,96,historical,10061905.303286936,3,-10061905.303286936
30600097,Mean DQN,707,97,historical,8211693.238631194,3,-8211693.238631194
30600098,Mean DQN,707,98,historical,13944948.344485916,3,-13944948.344485916
30600099,Mean DQN,707,99,historical,6810690.193183664,3,-6810690.193183664
30600000,QR Mean,707,0,historical,4882299.493625398,2,-4882299.493625398
30600001,QR Mean,707,1,historical,5248850.194593266,2,-5248850.194593266
30600002,QR Mean,707,2,historical,3616683.02275254,2,-3616683.02275254
30600003,QR Mean,707,3,historical,9718991.981892545,2,-9718991.981892545
30600004,QR Mean,707,4,historical,5935221.197398128,2,-5935221.197398128
30600005,QR Mean,707,5,historical,554076.521919999,2,-554076.521919999
30600006,QR Mean,707,6,historical,11805513.473473288,2,-11805513.473473288
30600007,QR Mean,707,7,historical,9479297.509647869,2,-9479297.509647869
30600008,QR Mean,707,8,historical,8970160.259358097,2,-8970160.259358097
30600009,QR Mean,707,9,historical,1556256.0690869768,2,-1556256.0690869768
30600010,QR Mean,707,10,historical,4573034.006841048,2,-4573034.006841048
30600011,QR Mean,707,11,historical,4911484.293853694,2,-4911484.293853694
30600012,QR Mean,707,12,historical,3159954.701163803,2,-3159954.701163803
30600013,QR Mean,707,13,historical,3438133.7616247036,2,-3438133.7616247036
30600014,QR Mean,707,14,historical,11823229.296715688,2,-11823229.296715688
30600015,QR Mean,707,15,historical,4752844.248901119,2,-4752844.248901119
30600016,QR Mean,707,16,historical,4682706.150466796,2,-4682706.150466796
30600017,QR Mean,707,17,historical,5937851.768765847,2,-5937851.768765847
30600018,QR Mean,707,18,historical,8628146.86433096,2,-8628146.86433096
30600019,QR Mean,707,19,historical,4014416.644106327,2,-4014416.644106327
30600020,QR Mean,707,20,historical,9532575.619298127,2,-9532575.619298127
30600021,QR Mean,707,21,historical,1769683.6770976447,2,-1769683.6770976447
30600022,QR Mean,707,22,historical,7097392.883438165,2,-7097392.883438165
30600023,QR Mean,707,23,historical,7927692.553632355,2,-7927692.553632355
30600024,QR Mean,707,24,historical,5459836.444894083,2,-5459836.444894083
30600025,QR Mean,707,25,historical,-5029.519932302705,2,5029.519932302705
30600026,QR Mean,707,26,historical,7512047.034900591,2,-7512047.034900591
30600027,QR Mean,707,27,historical,4882915.942158575,2,-4882915.942158575
30600028,QR Mean,707,28,historical,6781183.69217073,2,-6781183.69217073
30600029,QR Mean,707,29,historical,12586101.843430929,2,-12586101.843430929
30600030,QR Mean,707,30,historical,2973103.075376651,2,-2973103.075376651
30600031,QR Mean,707,31,historical,4958558.451525707,2,-4958558.451525707
30600032,QR Mean,707,32,historical,8024047.263264113,2,-8024047.263264113
30600033,QR Mean,707,33,historical,6981202.739903819,2,-6981202.739903819
30600034,QR Mean,707,34,historical,8010702.1804601215,2,-8010702.1804601215
30600035,QR Mean,707,35,historical,10426123.355967468,2,-10426123.355967468
30600036,QR Mean,707,36,historical,9862570.698751166,2,-9862570.698751166
30600037,QR Mean,707,37,historical,8793551.135476891,2,-8793551.135476891
30600038,QR Mean,707,38,historical,9538691.57152035,2,-9538691.57152035
30600039,QR Mean,707,39,historical,3160820.1234373744,2,-3160820.1234373744
30600040,QR Mean,707,40,historical,11121543.19730119,2,-11121543.19730119
30600041,QR Mean,707,41,historical,5492276.883906513,2,-5492276.883906513
30600042,QR Mean,707,42,historical,8260804.072283624,2,-8260804.072283624
30600043,QR Mean,707,43,historical,6105185.04354774,2,-6105185.04354774
30600044,QR Mean,707,44,historical,10717391.977097007,2,-10717391.977097007
30600045,QR Mean,707,45,historical,7328442.980149197,2,-7328442.980149197
30600046,QR Mean,707,46,historical,3005066.4269474694,2,-3005066.4269474694
30600047,QR Mean,707,47,historical,273625.9945630161,2,-273625.9945630161
30600048,QR Mean,707,48,historical,4506132.116381462,2,-4506132.116381462
30600049,QR Mean,707,49,historical,9981351.88260649,2,-9981351.88260649
30600050,QR Mean,707,50,historical,4556112.548476357,2,-4556112.548476357
30600051,QR Mean,707,51,historical,9556627.046697617,2,-9556627.046697617
30600052,QR Mean,707,52,historical,7809230.724906708,2,-7809230.724906708
30600053,QR Mean,707,53,historical,3197558.3138782727,2,-3197558.3138782727
30600054,QR Mean,707,54,historical,11426319.958614806,2,-11426319.958614806
30600055,QR Mean,707,55,historical,6733525.784290488,2,-6733525.784290488
30600056,QR Mean,707,56,historical,4226522.88208214,2,-4226522.88208214
30600057,QR Mean,707,57,historical,4380323.105640819,2,-4380323.105640819
30600058,QR Mean,707,58,historical,2694559.939711792,2,-2694559.939711792
30600059,QR Mean,707,59,historical,12981891.112815805,2,-12981891.112815805
30600060,QR Mean,707,60,historical,8108127.507990595,2,-8108127.507990595
30600061,QR Mean,707,61,historical,12227484.283512566,2,-12227484.283512566
30600062,QR Mean,707,62,historical,7049807.920341173,2,-7049807.920341173
30600063,QR Mean,707,63,historical,4987036.551652275,2,-4987036.551652275
30600064,QR Mean,707,64,historical,5754700.717060842,2,-5754700.717060842
30600065,QR Mean,707,65,historical,6934788.079646447,2,-6934788.079646447
30600066,QR Mean,707,66,historical,5771982.26426338,2,-5771982.26426338
30600067,QR Mean,707,67,historical,5872342.497273066,2,-5872342.497273066
30600068,QR Mean,707,68,historical,14129904.602010643,2,-14129904.602010643
30600069,QR Mean,707,69,historical,7469929.350496255,2,-7469929.350496255
30600070,QR Mean,707,70,historical,8002733.627821244,2,-8002733.627821244
30600071,QR Mean,707,71,historical,8705014.58908891,2,-8705014.58908891
30600072,QR Mean,707,72,historical,2791926.8973262496,2,-2791926.8973262496
30600073,QR Mean,707,73,historical,7074671.72411379,2,-7074671.72411379
30600074,QR Mean,707,74,historical,9791276.689252391,2,-9791276.689252391
30600075,QR Mean,707,75,historical,7440437.4757857025,2,-7440437.4757857025
30600076,QR Mean,707,76,historical,9135498.785330229,2,-9135498.785330229
30600077,QR Mean,707,77,historical,8641341.999670006,2,-8641341.999670006
30600078,QR Mean,707,78,historical,6029366.794704938,2,-6029366.794704938
30600079,QR Mean,707,79,historical,2043911.2899845056,2,-2043911.2899845056
30600080,QR Mean,707,80,historical,7156834.554719113,2,-7156834.554719113
30600081,QR Mean,707,81,historical,6951141.761440038,2,-6951141.761440038
30600082,QR Mean,707,82,historical,11131308.04863432,2,-11131308.04863432
30600083,QR Mean,707,83,historical,6547811.041408142,2,-6547811.041408142
30600084,QR Mean,707,84,historical,9370248.865534667,2,-9370248.865534667
30600085,QR Mean,707,85,historical,8943561.458634775,2,-8943561.458634775
30600086,QR Mean,707,86,historical,6824719.494355211,2,-6824719.494355211
30600087,QR Mean,707,87,historical,1807362.6791970958,2,-1807362.6791970958
30600088,QR Mean,707,88,historical,7300467.734015848,2,-7300467.734015848
30600089,QR Mean,707,89,historical,5212264.482213642,2,-5212264.482213642
30600090,QR Mean,707,90,historical,3650052.757725015,2,-3650052.757725015
30600091,QR Mean,707,91,historical,7364899.846181235,2,-7364899.846181235
30600092,QR Mean,707,92,historical,3028836.628496092,2,-3028836.628496092
30600093,QR Mean,707,93,historical,7509537.863229327,2,-7509537.863229327
30600094,QR Mean,707,94,historical,3826321.3128312463,2,-3826321.3128312463
30600095,QR Mean,707,95,historical,6760158.108758556,2,-6760158.108758556
30600096,QR Mean,707,96,historical,10064287.740198534,2,-10064287.740198534
30600097,QR Mean,707,97,historical,8214832.794106713,2,-8214832.794106713
30600098,QR Mean,707,98,historical,13952868.712584661,2,-13952868.712584661
30600099,QR Mean,707,99,historical,6809091.2395422645,2,-6809091.2395422645
30600000,Tail-QR Zoning,707,0,historical,4744377.667523869,2,-4744377.667523869
30600001,Tail-QR Zoning,707,1,historical,5141908.043523163,2,-5141908.043523163
30600002,Tail-QR Zoning,707,2,historical,3513651.2276530457,2,-3513651.2276530457
30600003,Tail-QR Zoning,707,3,historical,9627461.386835538,2,-9627461.386835538
30600004,Tail-QR Zoning,707,4,historical,5847201.269846698,2,-5847201.269846698
30600005,Tail-QR Zoning,707,5,historical,482548.21106811706,2,-482548.21106811706
30600006,Tail-QR Zoning,707,6,historical,11757674.002440207,2,-11757674.002440207
30600007,Tail-QR Zoning,707,7,historical,9421313.160981242,2,-9421313.160981242
30600008,Tail-QR Zoning,707,8,historical,8924158.41829074,2,-8924158.41829074
30600009,Tail-QR Zoning,707,9,historical,1452154.1355048465,2,-1452154.1355048465
30600010,Tail-QR Zoning,707,10,historical,4490737.287746979,2,-4490737.287746979
30600011,Tail-QR Zoning,707,11,historical,4812957.832442703,2,-4812957.832442703
30600012,Tail-QR Zoning,707,12,historical,3084123.4061231352,2,-3084123.4061231352
30600013,Tail-QR Zoning,707,13,historical,3423441.500941793,2,-3423441.500941793
30600014,Tail-QR Zoning,707,14,historical,11736608.407819983,2,-11736608.407819983
30600015,Tail-QR Zoning,707,15,historical,4668784.188719324,2,-4668784.188719324
30600016,Tail-QR Zoning,707,16,historical,4602769.961426401,2,-4602769.961426401
30600017,Tail-QR Zoning,707,17,historical,5854889.820394436,2,-5854889.820394436
30600018,Tail-QR Zoning,707,18,historical,8565963.363339826,2,-8565963.363339826
30600019,Tail-QR Zoning,707,19,historical,3932783.8382266858,2,-3932783.8382266858
30600020,Tail-QR Zoning,707,20,historical,9438992.501395175,2,-9438992.501395175
30600021,Tail-QR Zoning,707,21,historical,1681669.6583317271,2,-1681669.6583317271
30600022,Tail-QR Zoning,707,22,historical,7019275.984445082,2,-7019275.984445082
30600023,Tail-QR Zoning,707,23,historical,7828772.04128379,2,-7828772.04128379
30600024,Tail-QR Zoning,707,24,historical,5387993.677312735,2,-5387993.677312735
30600025,Tail-QR Zoning,707,25,historical,-111471.91953558993,2,111471.91953558993
30600026,Tail-QR Zoning,707,26,historical,7424659.336082243,2,-7424659.336082243
30600027,Tail-QR Zoning,707,27,historical,4830473.034864857,2,-4830473.034864857
30600028,Tail-QR Zoning,707,28,historical,6726486.973590067,2,-6726486.973590067
30600029,Tail-QR Zoning,707,29,historical,12501523.898856204,2,-12501523.898856204
30600030,Tail-QR Zoning,707,30,historical,2861822.956371198,2,-2861822.956371198
30600031,Tail-QR Zoning,707,31,historical,4852082.742354174,2,-4852082.742354174
30600032,Tail-QR Zoning,707,32,historical,7937367.688264255,2,-7937367.688264255
30600033,Tail-QR Zoning,707,33,historical,6881039.596704392,2,-6881039.596704392
30600034,Tail-QR Zoning,707,34,historical,7932999.31138953,2,-7932999.31138953
30600035,Tail-QR Zoning,707,35,historical,10347385.744027635,2,-10347385.744027635
30600036,Tail-QR Zoning,707,36,historical,9750404.264486287,2,-9750404.264486287
30600037,Tail-QR Zoning,707,37,historical,8746752.43383062,2,-8746752.43383062
30600038,Tail-QR Zoning,707,38,historical,9474315.433487143,2,-9474315.433487143
30600039,Tail-QR Zoning,707,39,historical,3074878.968419387,2,-3074878.968419387
30600040,Tail-QR Zoning,707,40,historical,11011043.64978966,2,-11011043.64978966
30600041,Tail-QR Zoning,707,41,historical,5400043.615180503,2,-5400043.615180503
30600042,Tail-QR Zoning,707,42,historical,8162674.811084162,2,-8162674.811084162
30600043,Tail-QR Zoning,707,43,historical,6005738.928570906,2,-6005738.928570906
30600044,Tail-QR Zoning,707,44,historical,10629710.57607988,2,-10629710.57607988
30600045,Tail-QR Zoning,707,45,historical,7291061.58334883,2,-7291061.58334883
30600046,Tail-QR Zoning,707,46,historical,2931509.3499385254,2,-2931509.3499385254
30600047,Tail-QR Zoning,707,47,historical,166126.19775820035,2,-166126.19775820035
30600048,Tail-QR Zoning,707,48,historical,4427193.013683724,2,-4427193.013683724
30600049,Tail-QR Zoning,707,49,historical,9912391.500194198,2,-9912391.500194198
30600050,Tail-QR Zoning,707,50,historical,4473749.705377429,2,-4473749.705377429
30600051,Tail-QR Zoning,707,51,historical,9476756.992778793,2,-9476756.992778793
30600052,Tail-QR Zoning,707,52,historical,7713665.883678182,2,-7713665.883678182
30600053,Tail-QR Zoning,707,53,historical,3090831.36954204,2,-3090831.36954204
30600054,Tail-QR Zoning,707,54,historical,11384475.620174713,2,-11384475.620174713
30600055,Tail-QR Zoning,707,55,historical,6647178.830780709,2,-6647178.830780709
30600056,Tail-QR Zoning,707,56,historical,4149257.874588755,2,-4149257.874588755
30600057,Tail-QR Zoning,707,57,historical,4281411.357920349,2,-4281411.357920349
30600058,Tail-QR Zoning,707,58,historical,2605217.0831387714,2,-2605217.0831387714
30600059,Tail-QR Zoning,707,59,historical,12956788.143287534,2,-12956788.143287534
30600060,Tail-QR Zoning,707,60,historical,8058808.386780829,2,-8058808.386780829
30600061,Tail-QR Zoning,707,61,historical,12137683.86726601,2,-12137683.86726601
30600062,Tail-QR Zoning,707,62,historical,6951039.785021856,2,-6951039.785021856
30600063,Tail-QR Zoning,707,63,historical,4877395.714659344,2,-4877395.714659344
30600064,Tail-QR Zoning,707,64,historical,5706136.608223741,2,-5706136.608223741
30600065,Tail-QR Zoning,707,65,historical,6861407.069171066,2,-6861407.069171066
30600066,Tail-QR Zoning,707,66,historical,5677698.517612442,2,-5677698.517612442
30600067,Tail-QR Zoning,707,67,historical,5771472.717702629,2,-5771472.717702629
30600068,Tail-QR Zoning,707,68,historical,14027143.47745142,2,-14027143.47745142
30600069,Tail-QR Zoning,707,69,historical,7371867.12260307,2,-7371867.12260307
30600070,Tail-QR Zoning,707,70,historical,7937698.864137003,2,-7937698.864137003
30600071,Tail-QR Zoning,707,71,historical,8637578.656231163,2,-8637578.656231163
30600072,Tail-QR Zoning,707,72,historical,2736386.6301710727,2,-2736386.6301710727
30600073,Tail-QR Zoning,707,73,historical,6970991.007271449,2,-6970991.007271449
30600074,Tail-QR Zoning,707,74,historical,9716824.420029163,2,-9716824.420029163
30600075,Tail-QR Zoning,707,75,historical,7354512.730770069,2,-7354512.730770069
30600076,Tail-QR Zoning,707,76,historical,9065916.506992636,2,-9065916.506992636
30600077,Tail-QR Zoning,707,77,historical,8610668.620295513,2,-8610668.620295513
30600078,Tail-QR Zoning,707,78,historical,5958421.09914082,2,-5958421.09914082
30600079,Tail-QR Zoning,707,79,historical,1945533.976976037,2,-1945533.976976037
30600080,Tail-QR Zoning,707,80,historical,7021190.7274952335,2,-7021190.7274952335
30600081,Tail-QR Zoning,707,81,historical,6893447.516376693,2,-6893447.516376693
30600082,Tail-QR Zoning,707,82,historical,11051325.580829307,2,-11051325.580829307
30600083,Tail-QR Zoning,707,83,historical,6485139.755526445,2,-6485139.755526445
30600084,Tail-QR Zoning,707,84,historical,9308167.165078405,2,-9308167.165078405
30600085,Tail-QR Zoning,707,85,historical,8864210.168622132,2,-8864210.168622132
30600086,Tail-QR Zoning,707,86,historical,6731120.838200244,2,-6731120.838200244
30600087,Tail-QR Zoning,707,87,historical,1755135.556421489,2,-1755135.556421489
30600088,Tail-QR Zoning,707,88,historical,7238566.730640914,2,-7238566.730640914
30600089,Tail-QR Zoning,707,89,historical,5113165.91112704,2,-5113165.91112704
30600090,Tail-QR Zoning,707,90,historical,3566652.006173689,2,-3566652.006173689
30600091,Tail-QR Zoning,707,91,historical,7308079.071138214,2,-7308079.071138214
30600092,Tail-QR Zoning,707,92,historical,2977782.049946242,2,-2977782.049946242
30600093,Tail-QR Zoning,707,93,historical,7441801.758928839,2,-7441801.758928839
30600094,Tail-QR Zoning,707,94,historical,3748294.345883846,2,-3748294.345883846
30600095,Tail-QR Zoning,707,95,historical,6742650.855428201,2,-6742650.855428201
30600096,Tail-QR Zoning,707,96,historical,9999886.16189682,2,-9999886.16189682
30600097,Tail-QR Zoning,707,97,historical,8123939.361105018,2,-8123939.361105018
30600098,Tail-QR Zoning,707,98,historical,13922822.748077175,2,-13922822.748077175
30600099,Tail-QR Zoning,707,99,historical,6756726.694838149,2,-6756726.694838149
30700000,Static Zoning,808,0,historical,8791237.810358515,0,-8791237.810358515
30700001,Static Zoning,808,1,historical,3306289.584152115,0,-3306289.584152115
30700002,Static Zoning,808,2,historical,9403254.027528826,0,-9403254.027528826
30700003,Static Zoning,808,3,historical,11314534.445032056,0,-11314534.445032056
30700004,Static Zoning,808,4,historical,5578491.168073945,0,-5578491.168073945
30700005,Static Zoning,808,5,historical,4112448.150917914,0,-4112448.150917914
30700006,Static Zoning,808,6,historical,8616118.699057125,0,-8616118.699057125
30700007,Static Zoning,808,7,historical,-962096.0555462905,0,962096.0555462905
30700008,Static Zoning,808,8,historical,6256113.549458839,0,-6256113.549458839
30700009,Static Zoning,808,9,historical,2505624.6192446067,0,-2505624.6192446067
30700010,Static Zoning,808,10,historical,14572358.5243764,0,-14572358.5243764
30700011,Static Zoning,808,11,historical,9542440.86790619,0,-9542440.86790619
30700012,Static Zoning,808,12,historical,6742981.880814842,0,-6742981.880814842
30700013,Static Zoning,808,13,historical,8073617.558393516,0,-8073617.558393516
30700014,Static Zoning,808,14,historical,1498756.5074661048,0,-1498756.5074661048
30700015,Static Zoning,808,15,historical,8992307.969485,0,-8992307.969485
30700016,Static Zoning,808,16,historical,8571198.255619384,0,-8571198.255619384
30700017,Static Zoning,808,17,historical,9999242.57787636,0,-9999242.57787636
30700018,Static Zoning,808,18,historical,10502193.152114077,0,-10502193.152114077
30700019,Static Zoning,808,19,historical,9348419.618289676,0,-9348419.618289676
30700020,Static Zoning,808,20,historical,10071583.406876354,0,-10071583.406876354
30700021,Static Zoning,808,21,historical,7814715.596414143,0,-7814715.596414143
30700022,Static Zoning,808,22,historical,13673914.154512426,0,-13673914.154512426
30700023,Static Zoning,808,23,historical,7524895.606547043,0,-7524895.606547043
30700024,Static Zoning,808,24,historical,7273324.79822462,0,-7273324.79822462
30700025,Static Zoning,808,25,historical,9374020.389202349,0,-9374020.389202349
30700026,Static Zoning,808,26,historical,8400946.16906579,0,-8400946.16906579
30700027,Static Zoning,808,27,historical,10774181.040239137,0,-10774181.040239137
30700028,Static Zoning,808,28,historical,2932210.0586755555,0,-2932210.0586755555
30700029,Static Zoning,808,29,historical,7736218.148232629,0,-7736218.148232629
30700030,Static Zoning,808,30,historical,3397245.9003291335,0,-3397245.9003291335
30700031,Static Zoning,808,31,historical,7590473.2139115855,0,-7590473.2139115855
30700032,Static Zoning,808,32,historical,8837858.075055677,0,-8837858.075055677
30700033,Static Zoning,808,33,historical,9661982.332120154,0,-9661982.332120154
30700034,Static Zoning,808,34,historical,6268799.280599713,0,-6268799.280599713
30700035,Static Zoning,808,35,historical,7119286.044062575,0,-7119286.044062575
30700036,Static Zoning,808,36,historical,10281178.898119727,0,-10281178.898119727
30700037,Static Zoning,808,37,historical,5569960.346369571,0,-5569960.346369571
30700038,Static Zoning,808,38,historical,8563552.205961313,0,-8563552.205961313
30700039,Static Zoning,808,39,historical,10986754.55028131,0,-10986754.55028131
30700040,Static Zoning,808,40,historical,6255572.209284903,0,-6255572.209284903
30700041,Static Zoning,808,41,historical,7970481.185150185,0,-7970481.185150185
30700042,Static Zoning,808,42,historical,6132689.157326005,0,-6132689.157326005
30700043,Static Zoning,808,43,historical,5114308.825906842,0,-5114308.825906842
30700044,Static Zoning,808,44,historical,6747836.510194184,0,-6747836.510194184
30700045,Static Zoning,808,45,historical,3290039.381730624,0,-3290039.381730624
30700046,Static Zoning,808,46,historical,3424798.54564852,0,-3424798.54564852
30700047,Static Zoning,808,47,historical,5164954.577676077,0,-5164954.577676077
30700048,Static Zoning,808,48,historical,8332404.37863103,0,-8332404.37863103
30700049,Static Zoning,808,49,historical,4752416.604063771,0,-4752416.604063771
30700050,Static Zoning,808,50,historical,6956170.7986591505,0,-6956170.7986591505
30700051,Static Zoning,808,51,historical,7729694.430939263,0,-7729694.430939263
30700052,Static Zoning,808,52,historical,10818581.262689285,0,-10818581.262689285
30700053,Static Zoning,808,53,historical,2876446.46997338,0,-2876446.46997338
30700054,Static Zoning,808,54,historical,8331506.503764216,0,-8331506.503764216
30700055,Static Zoning,808,55,historical,6940103.257442335,0,-6940103.257442335
30700056,Static Zoning,808,56,historical,7413236.724686881,0,-7413236.724686881
30700057,Static Zoning,808,57,historical,5910852.333342003,0,-5910852.333342003
30700058,Static Zoning,808,58,historical,8344265.011687542,0,-8344265.011687542
30700059,Static Zoning,808,59,historical,163849.43573139713,0,-163849.43573139713
30700060,Static Zoning,808,60,historical,8333162.701440321,0,-8333162.701440321
30700061,Static Zoning,808,61,historical,2185951.766284401,0,-2185951.766284401
30700062,Static Zoning,808,62,historical,7361910.936597012,0,-7361910.936597012
30700063,Static Zoning,808,63,historical,8889503.875157043,0,-8889503.875157043
30700064,Static Zoning,808,64,historical,4124948.8498887876,0,-4124948.8498887876
30700065,Static Zoning,808,65,historical,6018433.836398262,0,-6018433.836398262
30700066,Static Zoning,808,66,historical,2018050.2518278956,0,-2018050.2518278956
30700067,Static Zoning,808,67,historical,7264077.64861461,0,-7264077.64861461
30700068,Static Zoning,808,68,historical,4902037.697606907,0,-4902037.697606907
30700069,Static Zoning,808,69,historical,9953691.196810296,0,-9953691.196810296
30700070,Static Zoning,808,70,historical,8374666.063318047,0,-8374666.063318047
30700071,Static Zoning,808,71,historical,6753756.635587547,0,-6753756.635587547
30700072,Static Zoning,808,72,historical,4025777.511130253,0,-4025777.511130253
30700073,Static Zoning,808,73,historical,3998893.910045012,0,-3998893.910045012
30700074,Static Zoning,808,74,historical,10408793.965020651,0,-10408793.965020651
30700075,Static Zoning,808,75,historical,10898108.556125635,0,-10898108.556125635
30700076,Static Zoning,808,76,historical,5908635.733452424,0,-5908635.733452424
30700077,Static Zoning,808,77,historical,5046665.638706693,0,-5046665.638706693
30700078,Static Zoning,808,78,historical,6676970.061022779,0,-6676970.061022779
30700079,Static Zoning,808,79,historical,7965805.780682429,0,-7965805.780682429
30700080,Static Zoning,808,80,historical,3505219.3156597046,0,-3505219.3156597046
30700081,Static Zoning,808,81,historical,7600114.223545906,0,-7600114.223545906
30700082,Static Zoning,808,82,historical,9424299.364294004,0,-9424299.364294004
30700083,Static Zoning,808,83,historical,6669559.056989398,0,-6669559.056989398
30700084,Static Zoning,808,84,historical,4286831.844265809,0,-4286831.844265809
30700085,Static Zoning,808,85,historical,9383555.552255424,0,-9383555.552255424
30700086,Static Zoning,808,86,historical,5535563.786681075,0,-5535563.786681075
30700087,Static Zoning,808,87,historical,8362290.724564595,0,-8362290.724564595
30700088,Static Zoning,808,88,historical,2987176.106436218,0,-2987176.106436218
30700089,Static Zoning,808,89,historical,4669337.093744502,0,-4669337.093744502
30700090,Static Zoning,808,90,historical,7741349.645363135,0,-7741349.645363135
30700091,Static Zoning,808,91,historical,3674814.1633791337,0,-3674814.1633791337
30700092,Static Zoning,808,92,historical,2010930.2742774754,0,-2010930.2742774754
30700093,Static Zoning,808,93,historical,7484615.5433451235,0,-7484615.5433451235
30700094,Static Zoning,808,94,historical,5481097.678293682,0,-5481097.678293682
30700095,Static Zoning,808,95,historical,9353490.372305565,0,-9353490.372305565
30700096,Static Zoning,808,96,historical,7277921.332296141,0,-7277921.332296141
30700097,Static Zoning,808,97,historical,6586296.928347582,0,-6586296.928347582
30700098,Static Zoning,808,98,historical,9077344.12404745,0,-9077344.12404745
30700099,Static Zoning,808,99,historical,10162219.493920906,0,-10162219.493920906
30700000,Mean DQN,808,0,historical,8833300.599942788,4,-8833300.599942788
30700001,Mean DQN,808,1,historical,3326241.480655267,4,-3326241.480655267
30700002,Mean DQN,808,2,historical,9447567.141570771,4,-9447567.141570771
30700003,Mean DQN,808,3,historical,11367123.831234863,4,-11367123.831234863
30700004,Mean DQN,808,4,historical,5646801.748055667,4,-5646801.748055667
30700005,Mean DQN,808,5,historical,4172815.2019855194,4,-4172815.2019855194
30700006,Mean DQN,808,6,historical,8637515.562394705,4,-8637515.562394705
30700007,Mean DQN,808,7,historical,-917052.2343219426,4,917052.2343219426
30700008,Mean DQN,808,8,historical,6290965.004832353,4,-6290965.004832353
30700009,Mean DQN,808,9,historical,2550580.3296680884,4,-2550580.3296680884
30700010,Mean DQN,808,10,historical,14580655.3825678,4,-14580655.3825678
30700011,Mean DQN,808,11,historical,9567983.129479544,4,-9567983.129479544
30700012,Mean DQN,808,12,historical,6763710.126761427,4,-6763710.126761427
30700013,Mean DQN,808,13,historical,8106039.118399287,4,-8106039.118399287
30700014,Mean DQN,808,14,historical,1549436.3313833394,4,-1549436.3313833394
30700015,Mean DQN,808,15,historical,9035641.22441684,4,-9035641.22441684
30700016,Mean DQN,808,16,historical,8597955.742985027,4,-8597955.742985027
30700017,Mean DQN,808,17,historical,10032978.883216808,4,-10032978.883216808
30700018,Mean DQN,808,18,historical,10519878.039811676,4,-10519878.039811676
30700019,Mean DQN,808,19,historical,9382017.626116537,4,-9382017.626116537
30700020,Mean DQN,808,20,historical,10115406.56358687,4,-10115406.56358687
30700021,Mean DQN,808,21,historical,7853159.516811881,4,-7853159.516811881
30700022,Mean DQN,808,22,historical,13706151.629185494,4,-13706151.629185494
30700023,Mean DQN,808,23,historical,7533570.869157867,4,-7533570.869157867
30700024,Mean DQN,808,24,historical,7293893.770249065,4,-7293893.770249065
30700025,Mean DQN,808,25,historical,9410682.534073297,4,-9410682.534073297
30700026,Mean DQN,808,26,historical,8435312.04957376,4,-8435312.04957376
30700027,Mean DQN,808,27,historical,10790580.718770906,4,-10790580.718770906
30700028,Mean DQN,808,28,historical,2991677.9586488213,4,-2991677.9586488213
30700029,Mean DQN,808,29,historical,7788577.247780732,4,-7788577.247780732
30700030,Mean DQN,808,30,historical,3442559.489690272,4,-3442559.489690272
30700031,Mean DQN,808,31,historical,7637043.8546054885,4,-7637043.8546054885
30700032,Mean DQN,808,32,historical,8843688.837601526,4,-8843688.837601526
30700033,Mean DQN,808,33,historical,9713555.292208083,4,-9713555.292208083
30700034,Mean DQN,808,34,historical,6302890.327831079,4,-6302890.327831079
30700035,Mean DQN,808,35,historical,7167315.30787478,4,-7167315.30787478
30700036,Mean DQN,808,36,historical,10309459.643033842,4,-10309459.643033842
30700037,Mean DQN,808,37,historical,5621937.526582302,4,-5621937.526582302
30700038,Mean DQN,808,38,historical,8599998.812282719,4,-8599998.812282719
30700039,Mean DQN,808,39,historical,11007035.020909138,4,-11007035.020909138
30700040,Mean DQN,808,40,historical,6309165.402684826,4,-6309165.402684826
30700041,Mean DQN,808,41,historical,8035066.146539517,4,-8035066.146539517
30700042,Mean DQN,808,42,historical,6183206.254275305,4,-6183206.254275305
30700043,Mean DQN,808,43,historical,5166101.683829349,4,-5166101.683829349
30700044,Mean DQN,808,44,historical,6784827.7217787495,4,-6784827.7217787495
30700045,Mean DQN,808,45,historical,3326376.3513616445,4,-3326376.3513616445
30700046,Mean DQN,808,46,historical,3473819.55861183,4,-3473819.55861183
30700047,Mean DQN,808,47,historical,5214588.896097667,4,-5214588.896097667
30700048,Mean DQN,808,48,historical,8351618.582680781,4,-8351618.582680781
30700049,Mean DQN,808,49,historical,4826728.102122051,4,-4826728.102122051
30700050,Mean DQN,808,50,historical,7003057.391736563,4,-7003057.391736563
30700051,Mean DQN,808,51,historical,7770924.902389844,4,-7770924.902389844
30700052,Mean DQN,808,52,historical,10867117.601945944,4,-10867117.601945944
30700053,Mean DQN,808,53,historical,2932462.5382613856,4,-2932462.5382613856
30700054,Mean DQN,808,54,historical,8381744.796751197,4,-8381744.796751197
30700055,Mean DQN,808,55,historical,6959986.695167975,4,-6959986.695167975
30700056,Mean DQN,808,56,historical,7474087.351988675,4,-7474087.351988675
30700057,Mean DQN,808,57,historical,5948790.493439654,4,-5948790.493439654
30700058,Mean DQN,808,58,historical,8409492.951484637,4,-8409492.951484637
30700059,Mean DQN,808,59,historical,250458.01970242802,4,-250458.01970242802
30700060,Mean DQN,808,60,historical,8351872.810943516,4,-8351872.810943516
30700061,Mean DQN,808,61,historical,2232885.0279272227,4,-2232885.0279272227
30700062,Mean DQN,808,62,historical,7396067.114501422,4,-7396067.114501422
30700063,Mean DQN,808,63,historical,8914628.749191843,4,-8914628.749191843
30700064,Mean DQN,808,64,historical,4154245.0876411344,4,-4154245.0876411344
30700065,Mean DQN,808,65,historical,6071559.077678846,4,-6071559.077678846
30700066,Mean DQN,808,66,historical,2070528.2717077374,4,-2070528.2717077374
30700067,Mean DQN,808,67,historical,7264973.397519661,4,-7264973.397519661
30700068,Mean DQN,808,68,historical,4955721.1432158705,4,-4955721.1432158705
30700069,Mean DQN,808,69,historical,10052690.298796795,4,-10052690.298796795
30700070,Mean DQN,808,70,historical,8394445.590693347,4,-8394445.590693347
30700071,Mean DQN,808,71,historical,6828003.946585614,4,-6828003.946585614
30700072,Mean DQN,808,72,historical,4054276.3289874997,4,-4054276.3289874997
30700073,Mean DQN,808,73,historical,4018895.719975531,4,-4018895.719975531
30700074,Mean DQN,808,74,historical,10454566.984017778,4,-10454566.984017778
30700075,Mean DQN,808,75,historical,10961138.709216615,4,-10961138.709216615
30700076,Mean DQN,808,76,historical,5927828.31534973,4,-5927828.31534973
30700077,Mean DQN,808,77,historical,5137489.538480955,4,-5137489.538480955
30700078,Mean DQN,808,78,historical,6697877.306948848,4,-6697877.306948848
30700079,Mean DQN,808,79,historical,7997419.161327296,4,-7997419.161327296
30700080,Mean DQN,808,80,historical,3530076.670199259,4,-3530076.670199259
30700081,Mean DQN,808,81,historical,7664055.333826781,4,-7664055.333826781
30700082,Mean DQN,808,82,historical,9464157.081596378,4,-9464157.081596378
30700083,Mean DQN,808,83,historical,6713790.098085008,4,-6713790.098085008
30700084,Mean DQN,808,84,historical,4349183.65639654,4,-4349183.65639654
30700085,Mean DQN,808,85,historical,9377556.929122318,4,-9377556.929122318
30700086,Mean DQN,808,86,historical,5586799.133193159,4,-5586799.133193159
30700087,Mean DQN,808,87,historical,8414342.814799909,4,-8414342.814799909
30700088,Mean DQN,808,88,historical,3052338.4642652925,4,-3052338.4642652925
30700089,Mean DQN,808,89,historical,4718663.06396086,4,-4718663.06396086
30700090,Mean DQN,808,90,historical,7780153.339235015,4,-7780153.339235015
30700091,Mean DQN,808,91,historical,3729469.782662659,4,-3729469.782662659
30700092,Mean DQN,808,92,historical,2099612.9758483614,4,-2099612.9758483614
30700093,Mean DQN,808,93,historical,7551935.6762529565,4,-7551935.6762529565
30700094,Mean DQN,808,94,historical,5573420.161236423,4,-5573420.161236423
30700095,Mean DQN,808,95,historical,9428564.404047428,4,-9428564.404047428
30700096,Mean DQN,808,96,historical,7317943.326671918,4,-7317943.326671918
30700097,Mean DQN,808,97,historical,6624514.0504903775,4,-6624514.0504903775
30700098,Mean DQN,808,98,historical,9136616.397922745,4,-9136616.397922745
30700099,Mean DQN,808,99,historical,10198717.321263976,4,-10198717.321263976
30700000,QR Mean,808,0,historical,8834116.601396523,4,-8834116.601396523
30700001,QR Mean,808,1,historical,3344330.1574293664,4,-3344330.1574293664
30700002,QR Mean,808,2,historical,9439466.563696584,4,-9439466.563696584
30700003,QR Mean,808,3,historical,11363362.866481222,4,-11363362.866481222
30700004,QR Mean,808,4,historical,5649338.553089108,4,-5649338.553089108
30700005,QR Mean,808,5,historical,4178689.9350711866,4,-4178689.9350711866
30700006,QR Mean,808,6,historical,8634217.994285548,4,-8634217.994285548
30700007,QR Mean,808,7,historical,-878327.8701434764,4,878327.8701434764
30700008,QR Mean,808,8,historical,6290549.653722228,4,-6290549.653722228
30700009,QR Mean,808,9,historical,2571813.0494622905,4,-2571813.0494622905
30700010,QR Mean,808,10,historical,14586288.005998868,4,-14586288.005998868
30700011,QR Mean,808,11,historical,9562598.485269485,4,-9562598.485269485
30700012,QR Mean,808,12,historical,6750834.084539325,4,-6750834.084539325
30700013,QR Mean,808,13,historical,8107267.324411452,4,-8107267.324411452
30700014,QR Mean,808,14,historical,1566328.5261679254,4,-1566328.5261679254
30700015,QR Mean,808,15,historical,9032467.87982319,4,-9032467.87982319
30700016,QR Mean,808,16,historical,8596153.071607994,4,-8596153.071607994
30700017,QR Mean,808,17,historical,10021703.812138427,4,-10021703.812138427
30700018,QR Mean,808,18,historical,10529879.743797189,4,-10529879.743797189
30700019,QR Mean,808,19,historical,9388329.06650588,4,-9388329.06650588
30700020,QR Mean,808,20,historical,10111677.932689006,4,-10111677.932689006
30700021,QR Mean,808,21,historical,7840195.5901931785,4,-7840195.5901931785
30700022,QR Mean,808,22,historical,13718699.619547868,4,-13718699.619547868
30700023,QR Mean,808,23,historical,7540592.5304094255,4,-7540592.5304094255
30700024,QR Mean,808,24,historical,7293913.548105042,4,-7293913.548105042
30700025,QR Mean,808,25,historical,9408745.57241587,4,-9408745.57241587
30700026,QR Mean,808,26,historical,8429526.546912225,4,-8429526.546912225
30700027,QR Mean,808,27,historical,10792418.16003144,4,-10792418.16003144
30700028,QR Mean,808,28,historical,3011964.823977232,4,-3011964.823977232
30700029,QR Mean,808,29,historical,7784657.116259823,4,-7784657.116259823
30700030,QR Mean,808,30,historical,3469410.8166119,4,-3469410.8166119
30700031,QR Mean,808,31,historical,7634640.099854761,4,-7634640.099854761
30700032,QR Mean,808,32,historical,8841874.088424955,4,-8841874.088424955
30700033,QR Mean,808,33,historical,9717348.805651058,4,-9717348.805651058
30700034,QR Mean,808,34,historical,6325213.796847179,4,-6325213.796847179
30700035,QR Mean,808,35,historical,7172710.301503405,4,-7172710.301503405
30700036,QR Mean,808,36,historical,10316473.33741199,4,-10316473.33741199
30700037,QR Mean,808,37,historical,5627824.988416866,4,-5627824.988416866
30700038,QR Mean,808,38,historical,8588782.120264625,4,-8588782.120264625
30700039,QR Mean,808,39,historical,11003800.477338783,4,-11003800.477338783
30700040,QR Mean,808,40,historical,6301990.686766559,4,-6301990.686766559
30700041,QR Mean,808,41,historical,8025321.150719659,4,-8025321.150719659
30700042,QR Mean,808,42,historical,6181780.8610738665,4,-6181780.8610738665
30700043,QR Mean,808,43,historical,5179722.211283946,4,-5179722.211283946
30700044,QR Mean,808,44,historical,6779341.804465612,4,-6779341.804465612
30700045,QR Mean,808,45,historical,3317150.700759052,4,-3317150.700759052
30700046,QR Mean,808,46,historical,3483639.5699241282,4,-3483639.5699241282
30700047,QR Mean,808,47,historical,5213953.928098044,4,-5213953.928098044
30700048,QR Mean,808,48,historical,8345296.05534712,4,-8345296.05534712
30700049,QR Mean,808,49,historical,4818682.494858317,4,-4818682.494858317
30700050,QR Mean,808,50,historical,6998027.503658032,4,-6998027.503658032
30700051,QR Mean,808,51,historical,7795550.1375612365,4,-7795550.1375612365
30700052,QR Mean,808,52,historical,10869303.481983054,4,-10869303.481983054
30700053,QR Mean,808,53,historical,2980430.621037287,4,-2980430.621037287
30700054,QR Mean,808,54,historical,8377741.5447010165,4,-8377741.5447010165
30700055,QR Mean,808,55,historical,6958355.159079754,4,-6958355.159079754
30700056,QR Mean,808,56,historical,7461798.685583412,4,-7461798.685583412
30700057,QR Mean,808,57,historical,5949360.415753093,4,-5949360.415753093
30700058,QR Mean,808,58,historical,8409179.98000771,4,-8409179.98000771
30700059,QR Mean,808,59,historical,259283.91446966608,4,-259283.91446966608
30700060,QR Mean,808,60,historical,8356344.504660753,4,-8356344.504660753
30700061,QR Mean,808,61,historical,2225068.5717327283,4,-2225068.5717327283
30700062,QR Mean,808,62,historical,7423563.196729094,4,-7423563.196729094
30700063,QR Mean,808,63,historical,8906607.278681427,4,-8906607.278681427
30700064,QR Mean,808,64,historical,4160423.526368195,4,-4160423.526368195
30700065,QR Mean,808,65,historical,6065614.457535209,4,-6065614.457535209
30700066,QR Mean,808,66,historical,2077135.9553188272,4,-2077135.9553188272
30700067,QR Mean,808,67,historical,7255127.133831523,4,-7255127.133831523
30700068,QR Mean,808,68,historical,4947203.969857284,4,-4947203.969857284
30700069,QR Mean,808,69,historical,10055868.942127785,4,-10055868.942127785
30700070,QR Mean,808,70,historical,8388881.738994837,4,-8388881.738994837
30700071,QR Mean,808,71,historical,6820804.993395934,4,-6820804.993395934
30700072,QR Mean,808,72,historical,4041352.5365320193,4,-4041352.5365320193
30700073,QR Mean,808,73,historical,4021792.394755139,4,-4021792.394755139
30700074,QR Mean,808,74,historical,10459205.349238433,4,-10459205.349238433
30700075,QR Mean,808,75,historical,10975094.947443005,4,-10975094.947443005
30700076,QR Mean,808,76,historical,5936452.375764813,4,-5936452.375764813
30700077,QR Mean,808,77,historical,5126504.245750119,4,-5126504.245750119
30700078,QR Mean,808,78,historical,6700583.596004363,4,-6700583.596004363
30700079,QR Mean,808,79,historical,7986618.316049116,4,-7986618.316049116
30700080,QR Mean,808,80,historical,3519602.155170396,4,-3519602.155170396
30700081,QR Mean,808,81,historical,7676225.283909855,4,-7676225.283909855
30700082,QR Mean,808,82,historical,9449224.853826758,4,-9449224.853826758
30700083,QR Mean,808,83,historical,6701843.953609201,4,-6701843.953609201
30700084,QR Mean,808,84,historical,4362970.611118484,4,-4362970.611118484
30700085,QR Mean,808,85,historical,9370684.804677963,4,-9370684.804677963
30700086,QR Mean,808,86,historical,5591725.732288436,4,-5591725.732288436
30700087,QR Mean,808,87,historical,8412428.785877345,4,-8412428.785877345
30700088,QR Mean,808,88,historical,3054603.0738529935,4,-3054603.0738529935
30700089,QR Mean,808,89,historical,4709599.922507687,4,-4709599.922507687
30700090,QR Mean,808,90,historical,7796692.831016066,4,-7796692.831016066
30700091,QR Mean,808,91,historical,3714627.42939022,4,-3714627.42939022
30700092,QR Mean,808,92,historical,2086352.5864783982,4,-2086352.5864783982
30700093,QR Mean,808,93,historical,7549547.962844854,4,-7549547.962844854
30700094,QR Mean,808,94,historical,5571023.315989773,4,-5571023.315989773
30700095,QR Mean,808,95,historical,9435269.682191726,4,-9435269.682191726
30700096,QR Mean,808,96,historical,7310995.121162978,4,-7310995.121162978
30700097,QR Mean,808,97,historical,6613551.675771673,4,-6613551.675771673
30700098,QR Mean,808,98,historical,9147964.840387248,4,-9147964.840387248
30700099,QR Mean,808,99,historical,10201948.716862071,4,-10201948.716862071
30700000,Tail-QR Zoning,808,0,historical,8760670.388371306,2,-8760670.388371306
30700001,Tail-QR Zoning,808,1,historical,3278719.0066802544,2,-3278719.0066802544
30700002,Tail-QR Zoning,808,2,historical,9364159.826371739,2,-9364159.826371739
30700003,Tail-QR Zoning,808,3,historical,11287541.563737165,2,-11287541.563737165
30700004,Tail-QR Zoning,808,4,historical,5543471.255197036,2,-5543471.255197036
30700005,Tail-QR Zoning,808,5,historical,4072012.6060585673,2,-4072012.6060585673
30700006,Tail-QR Zoning,808,6,historical,8568216.493587561,2,-8568216.493587561
30700007,Tail-QR Zoning,808,7,historical,-963443.1297065951,2,963443.1297065951
30700008,Tail-QR Zoning,808,8,historical,6214207.088327709,2,-6214207.088327709
30700009,Tail-QR Zoning,808,9,historical,2490495.2967831977,2,-2490495.2967831977
30700010,Tail-QR Zoning,808,10,historical,14531730.01880418,2,-14531730.01880418
30700011,Tail-QR Zoning,808,11,historical,9505894.121838003,2,-9505894.121838003
30700012,Tail-QR Zoning,808,12,historical,6696019.971613067,2,-6696019.971613067
30700013,Tail-QR Zoning,808,13,historical,8055181.03619452,2,-8055181.03619452
30700014,Tail-QR Zoning,808,14,historical,1466902.6587782176,2,-1466902.6587782176
30700015,Tail-QR Zoning,808,15,historical,8952696.595526058,2,-8952696.595526058
30700016,Tail-QR Zoning,808,16,historical,8530102.32721602,2,-8530102.32721602
30700017,Tail-QR Zoning,808,17,historical,9970557.4696044,2,-9970557.4696044
30700018,Tail-QR Zoning,808,18,historical,10468884.091115024,2,-10468884.091115024
30700019,Tail-QR Zoning,808,19,historical,9305690.022122677,2,-9305690.022122677
30700020,Tail-QR Zoning,808,20,historical,10034265.041270655,2,-10034265.041270655
30700021,Tail-QR Zoning,808,21,historical,7781987.152052566,2,-7781987.152052566
30700022,Tail-QR Zoning,808,22,historical,13651647.1446745,2,-13651647.1446745
30700023,Tail-QR Zoning,808,23,historical,7488566.680335352,2,-7488566.680335352
30700024,Tail-QR Zoning,808,24,historical,7239159.824377772,2,-7239159.824377772
30700025,Tail-QR Zoning,808,25,historical,9335901.47708235,2,-9335901.47708235
30700026,Tail-QR Zoning,808,26,historical,8376205.969062412,2,-8376205.969062412
30700027,Tail-QR Zoning,808,27,historical,10742863.85272268,2,-10742863.85272268
30700028,Tail-QR Zoning,808,28,historical,2906218.238908855,2,-2906218.238908855
30700029,Tail-QR Zoning,808,29,historical,7694831.760167204,2,-7694831.760167204
30700030,Tail-QR Zoning,808,30,historical,3378339.5866452954,2,-3378339.5866452954
30700031,Tail-QR Zoning,808,31,historical,7538910.411731465,2,-7538910.411731465
30700032,Tail-QR Zoning,808,32,historical,8789278.55338247,2,-8789278.55338247
30700033,Tail-QR Zoning,808,33,historical,9629179.9309803,2,-9629179.9309803
30700034,Tail-QR Zoning,808,34,historical,6238608.800347978,2,-6238608.800347978
30700035,Tail-QR Zoning,808,35,historical,7084283.719519293,2,-7084283.719519293
30700036,Tail-QR Zoning,808,36,historical,10239558.27491445,2,-10239558.27491445
30700037,Tail-QR Zoning,808,37,historical,5548342.806085206,2,-5548342.806085206
30700038,Tail-QR Zoning,808,38,historical,8519937.835626528,2,-8519937.835626528
30700039,Tail-QR Zoning,808,39,historical,10941547.401724828,2,-10941547.401724828
30700040,Tail-QR Zoning,808,40,historical,6209161.9039347265,2,-6209161.9039347265
30700041,Tail-QR Zoning,808,41,historical,7929698.116826311,2,-7929698.116826311
30700042,Tail-QR Zoning,808,42,historical,6099396.4520331165,2,-6099396.4520331165
30700043,Tail-QR Zoning,808,43,historical,5089229.489711433,2,-5089229.489711433
30700044,Tail-QR Zoning,808,44,historical,6709539.684819153,2,-6709539.684819153
30700045,Tail-QR Zoning,808,45,historical,3255448.9494099566,2,-3255448.9494099566
30700046,Tail-QR Zoning,808,46,historical,3389231.119953884,2,-3389231.119953884
30700047,Tail-QR Zoning,808,47,historical,5135321.855660198,2,-5135321.855660198
30700048,Tail-QR Zoning,808,48,historical,8294737.736501137,2,-8294737.736501137
30700049,Tail-QR Zoning,808,49,historical,4706357.155567001,2,-4706357.155567001
30700050,Tail-QR Zoning,808,50,historical,6928909.977265561,2,-6928909.977265561
30700051,Tail-QR Zoning,808,51,historical,7711198.143583434,2,-7711198.143583434
30700052,Tail-QR Zoning,808,52,historical,10794463.05146115,2,-10794463.05146115
30700053,Tail-QR Zoning,808,53,historical,2874266.639608346,2,-2874266.639608346
30700054,Tail-QR Zoning,808,54,historical,8302998.656494172,2,-8302998.656494172
30700055,Tail-QR Zoning,808,55,historical,6898629.877187132,2,-6898629.877187132
30700056,Tail-QR Zoning,808,56,historical,7381539.583988969,2,-7381539.583988969
30700057,Tail-QR Zoning,808,57,historical,5876744.366060081,2,-5876744.366060081
30700058,Tail-QR Zoning,808,58,historical,8323758.964320303,2,-8323758.964320303
30700059,Tail-QR Zoning,808,59,historical,139494.81574284798,2,-139494.81574284798
30700060,Tail-QR Zoning,808,60,historical,8283019.388296079,2,-8283019.388296079
30700061,Tail-QR Zoning,808,61,historical,2145661.611958614,2,-2145661.611958614
30700062,Tail-QR Zoning,808,62,historical,7326842.1501366515,2,-7326842.1501366515
30700063,Tail-QR Zoning,808,63,historical,8847939.271289725,2,-8847939.271289725
30700064,Tail-QR Zoning,808,64,historical,4098313.049563717,2,-4098313.049563717
30700065,Tail-QR Zoning,808,65,historical,5975645.908309741,2,-5975645.908309741
30700066,Tail-QR Zoning,808,66,historical,1984738.5600816468,2,-1984738.5600816468
30700067,Tail-QR Zoning,808,67,historical,7218177.633418043,2,-7218177.633418043
30700068,Tail-QR Zoning,808,68,historical,4872241.948134489,2,-4872241.948134489
30700069,Tail-QR Zoning,808,69,historical,9922346.221603889,2,-9922346.221603889
30700070,Tail-QR Zoning,808,70,historical,8335147.934623585,2,-8335147.934623585
30700071,Tail-QR Zoning,808,71,historical,6717285.427074963,2,-6717285.427074963
30700072,Tail-QR Zoning,808,72,historical,3981862.560655638,2,-3981862.560655638
30700073,Tail-QR Zoning,808,73,historical,3961317.8404944595,2,-3961317.8404944595
30700074,Tail-QR Zoning,808,74,historical,10366907.580662968,2,-10366907.580662968
30700075,Tail-QR Zoning,808,75,historical,10874121.275981188,2,-10874121.275981188
30700076,Tail-QR Zoning,808,76,historical,5871885.488886545,2,-5871885.488886545
30700077,Tail-QR Zoning,808,77,historical,5015338.892228194,2,-5015338.892228194
30700078,Tail-QR Zoning,808,78,historical,6636280.813060658,2,-6636280.813060658
30700079,Tail-QR Zoning,808,79,historical,7939770.730871051,2,-7939770.730871051
30700080,Tail-QR Zoning,808,80,historical,3467265.5124986568,2,-3467265.5124986568
30700081,Tail-QR Zoning,808,81,historical,7587423.38614285,2,-7587423.38614285
30700082,Tail-QR Zoning,808,82,historical,9383490.537903823,2,-9383490.537903823
30700083,Tail-QR Zoning,808,83,historical,6630348.76834492,2,-6630348.76834492
30700084,Tail-QR Zoning,808,84,historical,4246243.660835762,2,-4246243.660835762
30700085,Tail-QR Zoning,808,85,historical,9333000.88384591,2,-9333000.88384591
30700086,Tail-QR Zoning,808,86,historical,5507310.035854271,2,-5507310.035854271
30700087,Tail-QR Zoning,808,87,historical,8338872.742407796,2,-8338872.742407796
30700088,Tail-QR Zoning,808,88,historical,2959345.950877195,2,-2959345.950877195
30700089,Tail-QR Zoning,808,89,historical,4623227.035765151,2,-4623227.035765151
30700090,Tail-QR Zoning,808,90,historical,7708918.411627134,2,-7708918.411627134
30700091,Tail-QR Zoning,808,91,historical,3640451.0270489436,2,-3640451.0270489436
30700092,Tail-QR Zoning,808,92,historical,1966170.2757061496,2,-1966170.2757061496
30700093,Tail-QR Zoning,808,93,historical,7448883.284307472,2,-7448883.284307472
30700094,Tail-QR Zoning,808,94,historical,5449182.514239148,2,-5449182.514239148
30700095,Tail-QR Zoning,808,95,historical,9332357.553157153,2,-9332357.553157153
30700096,Tail-QR Zoning,808,96,historical,7227338.190997561,2,-7227338.190997561
30700097,Tail-QR Zoning,808,97,historical,6545682.324673697,2,-6545682.324673697
30700098,Tail-QR Zoning,808,98,historical,9053924.026683267,2,-9053924.026683267
30700099,Tail-QR Zoning,808,99,historical,10124562.63691692,2,-10124562.63691692
30800000,Static Zoning,909,0,historical,4011773.689834122,0,-4011773.689834122
30800001,Static Zoning,909,1,historical,1829861.1636815425,0,-1829861.1636815425
30800002,Static Zoning,909,2,historical,8070346.829979785,0,-8070346.829979785
30800003,Static Zoning,909,3,historical,8625663.554960001,0,-8625663.554960001
30800004,Static Zoning,909,4,historical,10028160.514511442,0,-10028160.514511442
30800005,Static Zoning,909,5,historical,5119154.573937513,0,-5119154.573937513
30800006,Static Zoning,909,6,historical,2615415.002549681,0,-2615415.002549681
30800007,Static Zoning,909,7,historical,6372218.751147275,0,-6372218.751147275
30800008,Static Zoning,909,8,historical,5422286.182033438,0,-5422286.182033438
30800009,Static Zoning,909,9,historical,4650385.101908362,0,-4650385.101908362
30800010,Static Zoning,909,10,historical,1410544.3023077042,0,-1410544.3023077042
30800011,Static Zoning,909,11,historical,6987067.75120954,0,-6987067.75120954
30800012,Static Zoning,909,12,historical,2155231.7807690296,0,-2155231.7807690296
30800013,Static Zoning,909,13,historical,9987863.41394282,0,-9987863.41394282
30800014,Static Zoning,909,14,historical,7955015.003088372,0,-7955015.003088372
30800015,Static Zoning,909,15,historical,9396261.349600604,0,-9396261.349600604
30800016,Static Zoning,909,16,historical,8451560.785809387,0,-8451560.785809387
30800017,Static Zoning,909,17,historical,5428248.708122539,0,-5428248.708122539
30800018,Static Zoning,909,18,historical,2904342.19019108,0,-2904342.19019108
30800019,Static Zoning,909,19,historical,6485234.791056688,0,-6485234.791056688
30800020,Static Zoning,909,20,historical,5741243.266816132,0,-5741243.266816132
30800021,Static Zoning,909,21,historical,10698348.776105396,0,-10698348.776105396
30800022,Static Zoning,909,22,historical,6200430.99002828,0,-6200430.99002828
30800023,Static Zoning,909,23,historical,11481742.892731627,0,-11481742.892731627
30800024,Static Zoning,909,24,historical,6639490.9580753725,0,-6639490.9580753725
30800025,Static Zoning,909,25,historical,10122195.46743628,0,-10122195.46743628
30800026,Static Zoning,909,26,historical,-135028.7745035044,0,135028.7745035044
30800027,Static Zoning,909,27,historical,7657188.041901605,0,-7657188.041901605
30800028,Static Zoning,909,28,historical,6044021.667829787,0,-6044021.667829787
30800029,Static Zoning,909,29,historical,9350259.979041224,0,-9350259.979041224
30800030,Static Zoning,909,30,historical,1800855.7102219588,0,-1800855.7102219588
30800031,Static Zoning,909,31,historical,3249246.1995054353,0,-3249246.1995054353
30800032,Static Zoning,909,32,historical,4474445.037775426,0,-4474445.037775426
30800033,Static Zoning,909,33,historical,8212666.75137661,0,-8212666.75137661
30800034,Static Zoning,909,34,historical,6575646.875952935,0,-6575646.875952935
30800035,Static Zoning,909,35,historical,3936556.0250943317,0,-3936556.0250943317
30800036,Static Zoning,909,36,historical,7630645.363520481,0,-7630645.363520481
30800037,Static Zoning,909,37,historical,5976549.920005331,0,-5976549.920005331
30800038,Static Zoning,909,38,historical,4839569.978883854,0,-4839569.978883854
30800039,Static Zoning,909,39,historical,6695895.639071521,0,-6695895.639071521
30800040,Static Zoning,909,40,historical,7653587.2030892605,0,-7653587.2030892605
30800041,Static Zoning,909,41,historical,4868597.694567611,0,-4868597.694567611
30800042,Static Zoning,909,42,historical,12998298.154072514,0,-12998298.154072514
30800043,Static Zoning,909,43,historical,9187453.338257289,0,-9187453.338257289
30800044,Static Zoning,909,44,historical,10889771.030881407,0,-10889771.030881407
30800045,Static Zoning,909,45,historical,10092530.806561174,0,-10092530.806561174
30800046,Static Zoning,909,46,historical,8957129.033594076,0,-8957129.033594076
30800047,Static Zoning,909,47,historical,8757275.804330189,0,-8757275.804330189
30800048,Static Zoning,909,48,historical,4274085.430337837,0,-4274085.430337837
30800049,Static Zoning,909,49,historical,6367849.330798035,0,-6367849.330798035
30800050,Static Zoning,909,50,historical,10926605.043620005,0,-10926605.043620005
30800051,Static Zoning,909,51,historical,3296108.0440243892,0,-3296108.0440243892
30800052,Static Zoning,909,52,historical,8485250.69930242,0,-8485250.69930242
30800053,Static Zoning,909,53,historical,9360146.52831923,0,-9360146.52831923
30800054,Static Zoning,909,54,historical,4884865.441547081,0,-4884865.441547081
30800055,Static Zoning,909,55,historical,6737019.91288023,0,-6737019.91288023
30800056,Static Zoning,909,56,historical,11943660.282800794,0,-11943660.282800794
30800057,Static Zoning,909,57,historical,8140464.314364241,0,-8140464.314364241
30800058,Static Zoning,909,58,historical,4558442.625230951,0,-4558442.625230951
30800059,Static Zoning,909,59,historical,1573950.1028209324,0,-1573950.1028209324
30800060,Static Zoning,909,60,historical,8624033.49335164,0,-8624033.49335164
30800061,Static Zoning,909,61,historical,7680436.628105344,0,-7680436.628105344
30800062,Static Zoning,909,62,historical,5685485.444882359,0,-5685485.444882359
30800063,Static Zoning,909,63,historical,8255846.691078059,0,-8255846.691078059
30800064,Static Zoning,909,64,historical,9435390.689794896,0,-9435390.689794896
30800065,Static Zoning,909,65,historical,5829245.41683918,0,-5829245.41683918
30800066,Static Zoning,909,66,historical,5618833.760587342,0,-5618833.760587342
30800067,Static Zoning,909,67,historical,1066908.7895794522,0,-1066908.7895794522
30800068,Static Zoning,909,68,historical,2069737.8919161642,0,-2069737.8919161642
30800069,Static Zoning,909,69,historical,2978043.5507555,0,-2978043.5507555
30800070,Static Zoning,909,70,historical,8175900.716877148,0,-8175900.716877148
30800071,Static Zoning,909,71,historical,4938658.866878344,0,-4938658.866878344
30800072,Static Zoning,909,72,historical,4124663.3057985436,0,-4124663.3057985436
30800073,Static Zoning,909,73,historical,9544298.198455632,0,-9544298.198455632
30800074,Static Zoning,909,74,historical,5720984.002734546,0,-5720984.002734546
30800075,Static Zoning,909,75,historical,3396840.9835527623,0,-3396840.9835527623
30800076,Static Zoning,909,76,historical,3735446.1990405265,0,-3735446.1990405265
30800077,Static Zoning,909,77,historical,2577066.5721692136,0,-2577066.5721692136
30800078,Static Zoning,909,78,historical,7623733.369738557,0,-7623733.369738557
30800079,Static Zoning,909,79,historical,4242801.320877503,0,-4242801.320877503
30800080,Static Zoning,909,80,historical,11777986.134771936,0,-11777986.134771936
30800081,Static Zoning,909,81,historical,4388348.12759022,0,-4388348.12759022
30800082,Static Zoning,909,82,historical,7811215.6060575675,0,-7811215.6060575675
30800083,Static Zoning,909,83,historical,3026139.1819893504,0,-3026139.1819893504
30800084,Static Zoning,909,84,historical,8962118.739310961,0,-8962118.739310961
30800085,Static Zoning,909,85,historical,3904991.169238441,0,-3904991.169238441
30800086,Static Zoning,909,86,historical,6260096.683825348,0,-6260096.683825348
30800087,Static Zoning,909,87,historical,5088608.141968718,0,-5088608.141968718
30800088,Static Zoning,909,88,historical,7567238.926873523,0,-7567238.926873523
30800089,Static Zoning,909,89,historical,6238401.7794582555,0,-6238401.7794582555
30800090,Static Zoning,909,90,historical,6180186.931445058,0,-6180186.931445058
30800091,Static Zoning,909,91,historical,3018272.0830897777,0,-3018272.0830897777
30800092,Static Zoning,909,92,historical,6098241.402965879,0,-6098241.402965879
30800093,Static Zoning,909,93,historical,12840073.793116204,0,-12840073.793116204
30800094,Static Zoning,909,94,historical,8505313.009876743,0,-8505313.009876743
30800095,Static Zoning,909,95,historical,7413552.816559786,0,-7413552.816559786
30800096,Static Zoning,909,96,historical,4227514.415272394,0,-4227514.415272394
30800097,Static Zoning,909,97,historical,7171391.602101362,0,-7171391.602101362
30800098,Static Zoning,909,98,historical,9004317.431217713,0,-9004317.431217713
30800099,Static Zoning,909,99,historical,6828123.996120401,0,-6828123.996120401
30800000,Mean DQN,909,0,historical,4077123.2957398165,3,-4077123.2957398165
30800001,Mean DQN,909,1,historical,1854827.712124896,3,-1854827.712124896
30800002,Mean DQN,909,2,historical,8111873.622846603,3,-8111873.622846603
30800003,Mean DQN,909,3,historical,8626739.020723205,3,-8626739.020723205
30800004,Mean DQN,909,4,historical,10058376.3383998,3,-10058376.3383998
30800005,Mean DQN,909,5,historical,5138570.631950986,3,-5138570.631950986
30800006,Mean DQN,909,6,historical,2647777.659247625,3,-2647777.659247625
30800007,Mean DQN,909,7,historical,6397144.9671009835,3,-6397144.9671009835
30800008,Mean DQN,909,8,historical,5470576.722759077,3,-5470576.722759077
30800009,Mean DQN,909,9,historical,4703721.53872256,3,-4703721.53872256
30800010,Mean DQN,909,10,historical,1483677.5680823363,3,-1483677.5680823363
30800011,Mean DQN,909,11,historical,7055607.434967767,3,-7055607.434967767
30800012,Mean DQN,909,12,historical,2192643.013938651,3,-2192643.013938651
30800013,Mean DQN,909,13,historical,10056618.062517982,3,-10056618.062517982
30800014,Mean DQN,909,14,historical,7998503.566289848,3,-7998503.566289848
30800015,Mean DQN,909,15,historical,9425056.657921847,3,-9425056.657921847
30800016,Mean DQN,909,16,historical,8490174.120129444,3,-8490174.120129444
30800017,Mean DQN,909,17,historical,5463863.142111801,3,-5463863.142111801
30800018,Mean DQN,909,18,historical,2963728.0237276545,3,-2963728.0237276545
30800019,Mean DQN,909,19,historical,6493415.817830772,3,-6493415.817830772
30800020,Mean DQN,909,20,historical,5824640.627283712,3,-5824640.627283712
30800021,Mean DQN,909,21,historical,10779215.771444783,3,-10779215.771444783
30800022,Mean DQN,909,22,historical,6232222.209561754,3,-6232222.209561754
30800023,Mean DQN,909,23,historical,11497995.147042723,3,-11497995.147042723
30800024,Mean DQN,909,24,historical,6680078.542133071,3,-6680078.542133071
30800025,Mean DQN,909,25,historical,10202860.097380623,3,-10202860.097380623
30800026,Mean DQN,909,26,historical,-103210.26020038128,3,103210.26020038128
30800027,Mean DQN,909,27,historical,7709472.141784258,3,-7709472.141784258
30800028,Mean DQN,909,28,historical,6131987.379146567,3,-6131987.379146567
30800029,Mean DQN,909,29,historical,9381553.091880463,3,-9381553.091880463
30800030,Mean DQN,909,30,historical,1810937.650821642,3,-1810937.650821642
30800031,Mean DQN,909,31,historical,3329659.625066001,3,-3329659.625066001
30800032,Mean DQN,909,32,historical,4542814.668731844,3,-4542814.668731844
30800033,Mean DQN,909,33,historical,8286222.117508166,3,-8286222.117508166
30800034,Mean DQN,909,34,historical,6588462.588845976,3,-6588462.588845976
30800035,Mean DQN,909,35,historical,3962883.7576758373,3,-3962883.7576758373
30800036,Mean DQN,909,36,historical,7672761.392192861,3,-7672761.392192861
30800037,Mean DQN,909,37,historical,6051090.411880255,3,-6051090.411880255
30800038,Mean DQN,909,38,historical,4909693.578060438,3,-4909693.578060438
30800039,Mean DQN,909,39,historical,6750613.836426996,3,-6750613.836426996
30800040,Mean DQN,909,40,historical,7709589.943356873,3,-7709589.943356873
30800041,Mean DQN,909,41,historical,4934688.3829175085,3,-4934688.3829175085
30800042,Mean DQN,909,42,historical,13029699.785757232,3,-13029699.785757232
30800043,Mean DQN,909,43,historical,9253305.472719729,3,-9253305.472719729
30800044,Mean DQN,909,44,historical,10904891.540081687,3,-10904891.540081687
30800045,Mean DQN,909,45,historical,10120034.001358353,3,-10120034.001358353
30800046,Mean DQN,909,46,historical,9032497.232473915,3,-9032497.232473915
30800047,Mean DQN,909,47,historical,8777075.11244645,3,-8777075.11244645
30800048,Mean DQN,909,48,historical,4304544.838685064,3,-4304544.838685064
30800049,Mean DQN,909,49,historical,6385362.151315324,3,-6385362.151315324
30800050,Mean DQN,909,50,historical,10964289.665055482,3,-10964289.665055482
30800051,Mean DQN,909,51,historical,3269900.7326646713,3,-3269900.7326646713
30800052,Mean DQN,909,52,historical,8564095.294999924,3,-8564095.294999924
30800053,Mean DQN,909,53,historical,9429376.36495768,3,-9429376.36495768
30800054,Mean DQN,909,54,historical,4951899.393354189,3,-4951899.393354189
30800055,Mean DQN,909,55,historical,6791787.538685224,3,-6791787.538685224
30800056,Mean DQN,909,56,historical,11990916.870803218,3,-11990916.870803218
30800057,Mean DQN,909,57,historical,8173634.931851329,3,-8173634.931851329
30800058,Mean DQN,909,58,historical,4608441.4045248795,3,-4608441.4045248795
30800059,Mean DQN,909,59,historical,1612528.4306703676,3,-1612528.4306703676
30800060,Mean DQN,909,60,historical,8653855.335106611,3,-8653855.335106611
30800061,Mean DQN,909,61,historical,7741015.55354337,3,-7741015.55354337
30800062,Mean DQN,909,62,historical,5735925.12486682,3,-5735925.12486682
30800063,Mean DQN,909,63,historical,8310523.884665294,3,-8310523.884665294
30800064,Mean DQN,909,64,historical,9452648.662219603,3,-9452648.662219603
30800065,Mean DQN,909,65,historical,5882882.004257674,3,-5882882.004257674
30800066,Mean DQN,909,66,historical,5668439.494312971,3,-5668439.494312971
30800067,Mean DQN,909,67,historical,1145840.1411355236,3,-1145840.1411355236
30800068,Mean DQN,909,68,historical,2142672.6932856846,3,-2142672.6932856846
30800069,Mean DQN,909,69,historical,3021032.2181881396,3,-3021032.2181881396
30800070,Mean DQN,909,70,historical,8176470.553460959,3,-8176470.553460959
30800071,Mean DQN,909,71,historical,4958657.979235796,3,-4958657.979235796
30800072,Mean DQN,909,72,historical,4188942.3293023137,3,-4188942.3293023137
30800073,Mean DQN,909,73,historical,9586408.600511834,3,-9586408.600511834
30800074,Mean DQN,909,74,historical,5780815.742191004,3,-5780815.742191004
30800075,Mean DQN,909,75,historical,3508183.9005989474,3,-3508183.9005989474
30800076,Mean DQN,909,76,historical,3778999.913756958,3,-3778999.913756958
30800077,Mean DQN,909,77,historical,2678858.3622422176,3,-2678858.3622422176
30800078,Mean DQN,909,78,historical,7662831.229063893,3,-7662831.229063893
30800079,Mean DQN,909,79,historical,4271690.752674748,3,-4271690.752674748
30800080,Mean DQN,909,80,historical,11800704.652708197,3,-11800704.652708197
30800081,Mean DQN,909,81,historical,4446200.569534194,3,-4446200.569534194
30800082,Mean DQN,909,82,historical,7853690.076425979,3,-7853690.076425979
30800083,Mean DQN,909,83,historical,3120037.507492886,3,-3120037.507492886
30800084,Mean DQN,909,84,historical,9009722.388298664,3,-9009722.388298664
30800085,Mean DQN,909,85,historical,3896872.7579506305,3,-3896872.7579506305
30800086,Mean DQN,909,86,historical,6330002.544122533,3,-6330002.544122533
30800087,Mean DQN,909,87,historical,5126961.436051575,3,-5126961.436051575
30800088,Mean DQN,909,88,historical,7628984.453072047,3,-7628984.453072047
30800089,Mean DQN,909,89,historical,6241327.680777941,3,-6241327.680777941
30800090,Mean DQN,909,90,historical,6233575.29270992,3,-6233575.29270992
30800091,Mean DQN,909,91,historical,3076670.2790312287,3,-3076670.2790312287
30800092,Mean DQN,909,92,historical,6138964.170900977,3,-6138964.170900977
30800093,Mean DQN,909,93,historical,12902095.77574033,3,-12902095.77574033
30800094,Mean DQN,909,94,historical,8565823.772960972,3,-8565823.772960972
30800095,Mean DQN,909,95,historical,7465195.113215392,3,-7465195.113215392
30800096,Mean DQN,909,96,historical,4228928.346312872,3,-4228928.346312872
30800097,Mean DQN,909,97,historical,7186238.01031781,3,-7186238.01031781
30800098,Mean DQN,909,98,historical,9046359.271777693,3,-9046359.271777693
30800099,Mean DQN,909,99,historical,6888989.888690234,3,-6888989.888690234
30800000,QR Mean,909,0,historical,4072360.072875279,4,-4072360.072875279
30800001,QR Mean,909,1,historical,1875887.45514936,4,-1875887.45514936
30800002,QR Mean,909,2,historical,8115988.832913274,4,-8115988.832913274
30800003,QR Mean,909,3,historical,8684519.358954169,4,-8684519.358954169
30800004,QR Mean,909,4,historical,10070590.580565743,4,-10070590.580565743
30800005,QR Mean,909,5,historical,5194878.906162298,4,-5194878.906162298
30800006,QR Mean,909,6,historical,2641957.5029242886,4,-2641957.5029242886
30800007,QR Mean,909,7,historical,6384384.252088042,4,-6384384.252088042
30800008,QR Mean,909,8,historical,5450709.30985314,4,-5450709.30985314
30800009,QR Mean,909,9,historical,4689820.908090938,4,-4689820.908090938
30800010,QR Mean,909,10,historical,1504695.5608623961,4,-1504695.5608623961
30800011,QR Mean,909,11,historical,7052935.560473013,4,-7052935.560473013
30800012,QR Mean,909,12,historical,2189366.8447635556,4,-2189366.8447635556
30800013,QR Mean,909,13,historical,10031970.263959272,4,-10031970.263959272
30800014,QR Mean,909,14,historical,7989100.187789287,4,-7989100.187789287
30800015,QR Mean,909,15,historical,9424726.625151388,4,-9424726.625151388
30800016,QR Mean,909,16,historical,8466484.079148503,4,-8466484.079148503
30800017,QR Mean,909,17,historical,5486001.075420121,4,-5486001.075420121
30800018,QR Mean,909,18,historical,2964907.010483778,4,-2964907.010483778
30800019,QR Mean,909,19,historical,6510631.0736010065,4,-6510631.0736010065
30800020,QR Mean,909,20,historical,5816348.5586735355,4,-5816348.5586735355
30800021,QR Mean,909,21,historical,10791322.456587851,4,-10791322.456587851
30800022,QR Mean,909,22,historical,6226223.121126339,4,-6226223.121126339
30800023,QR Mean,909,23,historical,11502466.488256091,4,-11502466.488256091
30800024,QR Mean,909,24,historical,6707998.498786041,4,-6707998.498786041
30800025,QR Mean,909,25,historical,10176573.052785836,4,-10176573.052785836
30800026,QR Mean,909,26,historical,-125562.11574477609,4,125562.11574477609
30800027,QR Mean,909,27,historical,7698258.736523178,4,-7698258.736523178
30800028,QR Mean,909,28,historical,6108107.92073836,4,-6108107.92073836
30800029,QR Mean,909,29,historical,9397183.99045656,4,-9397183.99045656
30800030,QR Mean,909,30,historical,1821089.650015888,4,-1821089.650015888
30800031,QR Mean,909,31,historical,3316473.103448743,4,-3316473.103448743
30800032,QR Mean,909,32,historical,4514664.292680387,4,-4514664.292680387
30800033,QR Mean,909,33,historical,8269146.867891836,4,-8269146.867891836
30800034,QR Mean,909,34,historical,6584453.143433641,4,-6584453.143433641
30800035,QR Mean,909,35,historical,3948784.4421425983,4,-3948784.4421425983
30800036,QR Mean,909,36,historical,7661526.268795412,4,-7661526.268795412
30800037,QR Mean,909,37,historical,6090712.885665748,4,-6090712.885665748
30800038,QR Mean,909,38,historical,4884127.6166467555,4,-4884127.6166467555
30800039,QR Mean,909,39,historical,6739525.8917804435,4,-6739525.8917804435
30800040,QR Mean,909,40,historical,7694873.609773531,4,-7694873.609773531
30800041,QR Mean,909,41,historical,4919726.624695364,4,-4919726.624695364
30800042,QR Mean,909,42,historical,13014575.101508655,4,-13014575.101508655
30800043,QR Mean,909,43,historical,9249826.470796315,4,-9249826.470796315
30800044,QR Mean,909,44,historical,10890643.617272545,4,-10890643.617272545
30800045,QR Mean,909,45,historical,10121757.419916667,4,-10121757.419916667
30800046,QR Mean,909,46,historical,9030529.45098115,4,-9030529.45098115
30800047,QR Mean,909,47,historical,8789480.010686934,4,-8789480.010686934
30800048,QR Mean,909,48,historical,4301859.532051627,4,-4301859.532051627
30800049,QR Mean,909,49,historical,6367000.470509128,4,-6367000.470509128
30800050,QR Mean,909,50,historical,10965677.220834665,4,-10965677.220834665
30800051,QR Mean,909,51,historical,3363861.9816643633,4,-3363861.9816643633
30800052,QR Mean,909,52,historical,8542523.900454123,4,-8542523.900454123
30800053,QR Mean,909,53,historical,9414970.078990802,4,-9414970.078990802
30800054,QR Mean,909,54,historical,4975928.032240887,4,-4975928.032240887
30800055,QR Mean,909,55,historical,6782132.044510212,4,-6782132.044510212
30800056,QR Mean,909,56,historical,11979621.770259615,4,-11979621.770259615
30800057,QR Mean,909,57,historical,8182259.995224184,4,-8182259.995224184
30800058,QR Mean,909,58,historical,4588079.637883026,4,-4588079.637883026
30800059,QR Mean,909,59,historical,1596537.1867455752,4,-1596537.1867455752
30800060,QR Mean,909,60,historical,8641675.01307229,4,-8641675.01307229
30800061,QR Mean,909,61,historical,7734990.501075056,4,-7734990.501075056
30800062,QR Mean,909,62,historical,5721619.29262535,4,-5721619.29262535
30800063,QR Mean,909,63,historical,8298329.688446718,4,-8298329.688446718
30800064,QR Mean,909,64,historical,9449275.774075776,4,-9449275.774075776
30800065,QR Mean,909,65,historical,5876978.432571985,4,-5876978.432571985
30800066,QR Mean,909,66,historical,5660423.135973337,4,-5660423.135973337
30800067,QR Mean,909,67,historical,1136130.269964667,4,-1136130.269964667
30800068,QR Mean,909,68,historical,2122795.0480290256,4,-2122795.0480290256
30800069,QR Mean,909,69,historical,3026709.8245583954,4,-3026709.8245583954
30800070,QR Mean,909,70,historical,8193720.125301793,4,-8193720.125301793
30800071,QR Mean,909,71,historical,4939683.873872276,4,-4939683.873872276
30800072,QR Mean,909,72,historical,4179316.3346901843,4,-4179316.3346901843
30800073,QR Mean,909,73,historical,9582626.136117194,4,-9582626.136117194
30800074,QR Mean,909,74,historical,5762513.804932529,4,-5762513.804932529
30800075,QR Mean,909,75,historical,3493071.6529600373,4,-3493071.6529600373
30800076,QR Mean,909,76,historical,3782513.480409282,4,-3782513.480409282
30800077,QR Mean,909,77,historical,2690298.653844548,4,-2690298.653844548
30800078,QR Mean,909,78,historical,7669555.917852933,4,-7669555.917852933
30800079,QR Mean,909,79,historical,4265265.034626122,4,-4265265.034626122
30800080,QR Mean,909,80,historical,11787196.871856645,4,-11787196.871856645
30800081,QR Mean,909,81,historical,4418881.719962104,4,-4418881.719962104
30800082,QR Mean,909,82,historical,7853634.939456617,4,-7853634.939456617
30800083,QR Mean,909,83,historical,3106906.9694220894,4,-3106906.9694220894
30800084,QR Mean,909,84,historical,8986035.069922779,4,-8986035.069922779
30800085,QR Mean,909,85,historical,3998649.6328085326,4,-3998649.6328085326
30800086,QR Mean,909,86,historical,6338861.610344411,4,-6338861.610344411
30800087,QR Mean,909,87,historical,5129075.418965869,4,-5129075.418965869
30800088,QR Mean,909,88,historical,7628314.157122891,4,-7628314.157122891
30800089,QR Mean,909,89,historical,6262014.502346622,4,-6262014.502346622
30800090,QR Mean,909,90,historical,6229886.683220721,4,-6229886.683220721
30800091,QR Mean,909,91,historical,3064270.722213647,4,-3064270.722213647
30800092,QR Mean,909,92,historical,6129388.355986189,4,-6129388.355986189
30800093,QR Mean,909,93,historical,12889326.129109636,4,-12889326.129109636
30800094,QR Mean,909,94,historical,8551138.697263524,4,-8551138.697263524
30800095,QR Mean,909,95,historical,7451582.129342365,4,-7451582.129342365
30800096,QR Mean,909,96,historical,4218520.075371867,4,-4218520.075371867
30800097,QR Mean,909,97,historical,7219468.083508344,4,-7219468.083508344
30800098,QR Mean,909,98,historical,9034591.107003063,4,-9034591.107003063
30800099,QR Mean,909,99,historical,6886596.475642889,4,-6886596.475642889
30800000,Tail-QR Zoning,909,0,historical,3980406.243224606,2,-3980406.243224606
30800001,Tail-QR Zoning,909,1,historical,1813065.8627219077,2,-1813065.8627219077
30800002,Tail-QR Zoning,909,2,historical,8037914.003236042,2,-8037914.003236042
30800003,Tail-QR Zoning,909,3,historical,8593375.593615033,2,-8593375.593615033
30800004,Tail-QR Zoning,909,4,historical,9995173.726882849,2,-9995173.726882849
30800005,Tail-QR Zoning,909,5,historical,5099019.348869413,2,-5099019.348869413
30800006,Tail-QR Zoning,909,6,historical,2577330.6098743975,2,-2577330.6098743975
30800007,Tail-QR Zoning,909,7,historical,6334656.185192816,2,-6334656.185192816
30800008,Tail-QR Zoning,909,8,historical,5375252.281764709,2,-5375252.281764709
30800009,Tail-QR Zoning,909,9,historical,4609844.617740678,2,-4609844.617740678
30800010,Tail-QR Zoning,909,10,historical,1386571.9831903877,2,-1386571.9831903877
30800011,Tail-QR Zoning,909,11,historical,6950274.620718853,2,-6950274.620718853
30800012,Tail-QR Zoning,909,12,historical,2121637.0699509857,2,-2121637.0699509857
30800013,Tail-QR Zoning,909,13,historical,9944443.872013617,2,-9944443.872013617
30800014,Tail-QR Zoning,909,14,historical,7909744.7706719395,2,-7909744.7706719395
30800015,Tail-QR Zoning,909,15,historical,9360704.887772864,2,-9360704.887772864
30800016,Tail-QR Zoning,909,16,historical,8405209.542729877,2,-8405209.542729877
30800017,Tail-QR Zoning,909,17,historical,5425759.478430125,2,-5425759.478430125
30800018,Tail-QR Zoning,909,18,historical,2870300.102266836,2,-2870300.102266836
30800019,Tail-QR Zoning,909,19,historical,6465870.9600775475,2,-6465870.9600775475
30800020,Tail-QR Zoning,909,20,historical,5707187.992340052,2,-5707187.992340052
30800021,Tail-QR Zoning,909,21,historical,10681209.29377085,2,-10681209.29377085
30800022,Tail-QR Zoning,909,22,historical,6158435.778161016,2,-6158435.778161016
30800023,Tail-QR Zoning,909,23,historical,11451079.366069414,2,-11451079.366069414
30800024,Tail-QR Zoning,909,24,historical,6610669.372812222,2,-6610669.372812222
30800025,Tail-QR Zoning,909,25,historical,10069537.347606966,2,-10069537.347606966
30800026,Tail-QR Zoning,909,26,historical,-175546.19997964054,2,175546.19997964054
30800027,Tail-QR Zoning,909,27,historical,7618761.594577749,2,-7618761.594577749
30800028,Tail-QR Zoning,909,28,historical,6015445.76688495,2,-6015445.76688495
30800029,Tail-QR Zoning,909,29,historical,9315642.160085782,2,-9315642.160085782
30800030,Tail-QR Zoning,909,30,historical,1768073.194406086,2,-1768073.194406086
30800031,Tail-QR Zoning,909,31,historical,3219822.7064931556,2,-3219822.7064931556
30800032,Tail-QR Zoning,909,32,historical,4442577.849245032,2,-4442577.849245032
30800033,Tail-QR Zoning,909,33,historical,8175871.515039006,2,-8175871.515039006
30800034,Tail-QR Zoning,909,34,historical,6526658.747571666,2,-6526658.747571666
30800035,Tail-QR Zoning,909,35,historical,3903348.098299234,2,-3903348.098299234
30800036,Tail-QR Zoning,909,36,historical,7593976.70343032,2,-7593976.70343032
30800037,Tail-QR Zoning,909,37,historical,5947925.143850841,2,-5947925.143850841
30800038,Tail-QR Zoning,909,38,historical,4792129.034545003,2,-4792129.034545003
30800039,Tail-QR Zoning,909,39,historical,6657959.088944004,2,-6657959.088944004
30800040,Tail-QR Zoning,909,40,historical,7605983.3781605465,2,-7605983.3781605465
30800041,Tail-QR Zoning,909,41,historical,4833942.069823341,2,-4833942.069823341
30800042,Tail-QR Zoning,909,42,historical,12959275.974024832,2,-12959275.974024832
30800043,Tail-QR Zoning,909,43,historical,9160638.215802483,2,-9160638.215802483
30800044,Tail-QR Zoning,909,44,historical,10841827.109915152,2,-10841827.109915152
30800045,Tail-QR Zoning,909,45,historical,10047051.160795502,2,-10047051.160795502
30800046,Tail-QR Zoning,909,46,historical,8932789.613245646,2,-8932789.613245646
30800047,Tail-QR Zoning,909,47,historical,8729696.711466312,2,-8729696.711466312
30800048,Tail-QR Zoning,909,48,historical,4254022.290756773,2,-4254022.290756773
30800049,Tail-QR Zoning,909,49,historical,6329454.379203054,2,-6329454.379203054
30800050,Tail-QR Zoning,909,50,historical,10885575.526734883,2,-10885575.526734883
30800051,Tail-QR Zoning,909,51,historical,3312091.8457952747,2,-3312091.8457952747
30800052,Tail-QR Zoning,909,52,historical,8446366.875210792,2,-8446366.875210792
30800053,Tail-QR Zoning,909,53,historical,9323021.160996629,2,-9323021.160996629
30800054,Tail-QR Zoning,909,54,historical,4880632.415498386,2,-4880632.415498386
30800055,Tail-QR Zoning,909,55,historical,6694924.4760245355,2,-6694924.4760245355
30800056,Tail-QR Zoning,909,56,historical,11887847.266206812,2,-11887847.266206812
30800057,Tail-QR Zoning,909,57,historical,8112984.317762107,2,-8112984.317762107
30800058,Tail-QR Zoning,909,58,historical,4514523.919325673,2,-4514523.919325673
30800059,Tail-QR Zoning,909,59,historical,1537766.596168192,2,-1537766.596168192
30800060,Tail-QR Zoning,909,60,historical,8579557.454495324,2,-8579557.454495324
30800061,Tail-QR Zoning,909,61,historical,7639558.029774798,2,-7639558.029774798
30800062,Tail-QR Zoning,909,62,historical,5646590.346387916,2,-5646590.346387916
30800063,Tail-QR Zoning,909,63,historical,8224549.004441932,2,-8224549.004441932
30800064,Tail-QR Zoning,909,64,historical,9396321.178543162,2,-9396321.178543162
30800065,Tail-QR Zoning,909,65,historical,5795723.749645631,2,-5795723.749645631
30800066,Tail-QR Zoning,909,66,historical,5592448.978632168,2,-5592448.978632168
30800067,Tail-QR Zoning,909,67,historical,1047029.3151288748,2,-1047029.3151288748
30800068,Tail-QR Zoning,909,68,historical,2030127.8373334012,2,-2030127.8373334012
30800069,Tail-QR Zoning,909,69,historical,2950362.821177441,2,-2950362.821177441
30800070,Tail-QR Zoning,909,70,historical,8150725.294642105,2,-8150725.294642105
30800071,Tail-QR Zoning,909,71,historical,4894926.031218287,2,-4894926.031218287
30800072,Tail-QR Zoning,909,72,historical,4107514.07476569,2,-4107514.07476569
30800073,Tail-QR Zoning,909,73,historical,9498860.400974443,2,-9498860.400974443
30800074,Tail-QR Zoning,909,74,historical,5679039.984794946,2,-5679039.984794946
30800075,Tail-QR Zoning,909,75,historical,3367401.1088144523,2,-3367401.1088144523
30800076,Tail-QR Zoning,909,76,historical,3695343.2039141026,2,-3695343.2039141026
30800077,Tail-QR Zoning,909,77,historical,2567973.2374720704,2,-2567973.2374720704
30800078,Tail-QR Zoning,909,78,historical,7596754.7743864935,2,-7596754.7743864935
30800079,Tail-QR Zoning,909,79,historical,4206525.359668744,2,-4206525.359668744
30800080,Tail-QR Zoning,909,80,historical,11730239.41502043,2,-11730239.41502043
30800081,Tail-QR Zoning,909,81,historical,4339400.439667545,2,-4339400.439667545
30800082,Tail-QR Zoning,909,82,historical,7780891.849353085,2,-7780891.849353085
30800083,Tail-QR Zoning,909,83,historical,2988574.8580346024,2,-2988574.8580346024
30800084,Tail-QR Zoning,909,84,historical,8924791.710731758,2,-8924791.710731758
30800085,Tail-QR Zoning,909,85,historical,3883880.930652245,2,-3883880.930652245
30800086,Tail-QR Zoning,909,86,historical,6215061.573706933,2,-6215061.573706933
30800087,Tail-QR Zoning,909,87,historical,5047953.392380898,2,-5047953.392380898
30800088,Tail-QR Zoning,909,88,historical,7542373.87225331,2,-7542373.87225331
30800089,Tail-QR Zoning,909,89,historical,6206622.924567244,2,-6206622.924567244
30800090,Tail-QR Zoning,909,90,historical,6145304.175944615,2,-6145304.175944615
30800091,Tail-QR Zoning,909,91,historical,2977522.5307502816,2,-2977522.5307502816
30800092,Tail-QR Zoning,909,92,historical,6058491.601436773,2,-6058491.601436773
30800093,Tail-QR Zoning,909,93,historical,12798152.925144494,2,-12798152.925144494
30800094,Tail-QR Zoning,909,94,historical,8476599.044852065,2,-8476599.044852065
30800095,Tail-QR Zoning,909,95,historical,7371545.521378993,2,-7371545.521378993
30800096,Tail-QR Zoning,909,96,historical,4181958.4819889404,2,-4181958.4819889404
30800097,Tail-QR Zoning,909,97,historical,7166774.719265323,2,-7166774.719265323
30800098,Tail-QR Zoning,909,98,historical,8957750.189908748,2,-8957750.189908748
30800099,Tail-QR Zoning,909,99,historical,6805141.018108575,2,-6805141.018108575
30900000,Static Zoning,1010,0,historical,13081407.546421044,0,-13081407.546421044
30900001,Static Zoning,1010,1,historical,4158316.811577338,0,-4158316.811577338
30900002,Static Zoning,1010,2,historical,4102821.703735685,0,-4102821.703735685
30900003,Static Zoning,1010,3,historical,7182148.58545279,0,-7182148.58545279
30900004,Static Zoning,1010,4,historical,9876787.446097203,0,-9876787.446097203
30900005,Static Zoning,1010,5,historical,-444586.705748467,0,444586.705748467
30900006,Static Zoning,1010,6,historical,7632547.52389686,0,-7632547.52389686
30900007,Static Zoning,1010,7,historical,7706018.7749786135,0,-7706018.7749786135
30900008,Static Zoning,1010,8,historical,7052332.748823337,0,-7052332.748823337
30900009,Static Zoning,1010,9,historical,4654664.515337289,0,-4654664.515337289
30900010,Static Zoning,1010,10,historical,8036570.414829361,0,-8036570.414829361
30900011,Static Zoning,1010,11,historical,11058691.922066672,0,-11058691.922066672
30900012,Static Zoning,1010,12,historical,9715359.448817762,0,-9715359.448817762
30900013,Static Zoning,1010,13,historical,7033293.783711993,0,-7033293.783711993
30900014,Static Zoning,1010,14,historical,13649173.243426718,0,-13649173.243426718
30900015,Static Zoning,1010,15,historical,11742643.510663005,0,-11742643.510663005
30900016,Static Zoning,1010,16,historical,3268078.1803145856,0,-3268078.1803145856
30900017,Static Zoning,1010,17,historical,9598553.50015159,0,-9598553.50015159
30900018,Static Zoning,1010,18,historical,8416412.433244035,0,-8416412.433244035
30900019,Static Zoning,1010,19,historical,10282855.211510982,0,-10282855.211510982
30900020,Static Zoning,1010,20,historical,1903715.1664799498,0,-1903715.1664799498
30900021,Static Zoning,1010,21,historical,1556374.0545437587,0,-1556374.0545437587
30900022,Static Zoning,1010,22,historical,4139299.102307394,0,-4139299.102307394
30900023,Static Zoning,1010,23,historical,5722296.158058254,0,-5722296.158058254
30900024,Static Zoning,1010,24,historical,9476947.027612079,0,-9476947.027612079
30900025,Static Zoning,1010,25,historical,2992653.2169812312,0,-2992653.2169812312
30900026,Static Zoning,1010,26,historical,8238972.742964858,0,-8238972.742964858
30900027,Static Zoning,1010,27,historical,5788545.31428174,0,-5788545.31428174
30900028,Static Zoning,1010,28,historical,4579617.627048482,0,-4579617.627048482
30900029,Static Zoning,1010,29,historical,4634232.138245402,0,-4634232.138245402
30900030,Static Zoning,1010,30,historical,8618163.332501555,0,-8618163.332501555
30900031,Static Zoning,1010,31,historical,9675150.369517954,0,-9675150.369517954
30900032,Static Zoning,1010,32,historical,-175806.34962839354,0,175806.34962839354
30900033,Static Zoning,1010,33,historical,10450680.305572474,0,-10450680.305572474
30900034,Static Zoning,1010,34,historical,5106572.590710331,0,-5106572.590710331
30900035,Static Zoning,1010,35,historical,6640200.470153142,0,-6640200.470153142
30900036,Static Zoning,1010,36,historical,6737952.796310909,0,-6737952.796310909
30900037,Static Zoning,1010,37,historical,405714.95229963213,0,-405714.95229963213
30900038,Static Zoning,1010,38,historical,9066039.308722459,0,-9066039.308722459
30900039,Static Zoning,1010,39,historical,1798253.709406848,0,-1798253.709406848
30900040,Static Zoning,1010,40,historical,11382734.40348665,0,-11382734.40348665
30900041,Static Zoning,1010,41,historical,4400255.428223857,0,-4400255.428223857
30900042,Static Zoning,1010,42,historical,11183679.745654669,0,-11183679.745654669
30900043,Static Zoning,1010,43,historical,-138731.13831084338,0,138731.13831084338
30900044,Static Zoning,1010,44,historical,5614669.923003136,0,-5614669.923003136
30900045,Static Zoning,1010,45,historical,9445195.546233714,0,-9445195.546233714
30900046,Static Zoning,1010,46,historical,8019903.1339561585,0,-8019903.1339561585
30900047,Static Zoning,1010,47,historical,15480298.583496848,0,-15480298.583496848
30900048,Static Zoning,1010,48,historical,7130888.523088517,0,-7130888.523088517
30900049,Static Zoning,1010,49,historical,9880952.870046478,0,-9880952.870046478
30900050,Static Zoning,1010,50,historical,10043015.24676482,0,-10043015.24676482
30900051,Static Zoning,1010,51,historical,5292678.901493937,0,-5292678.901493937
30900052,Static Zoning,1010,52,historical,5754933.91624239,0,-5754933.91624239
30900053,Static Zoning,1010,53,historical,5467530.273775114,0,-5467530.273775114
30900054,Static Zoning,1010,54,historical,6277045.061676784,0,-6277045.061676784
30900055,Static Zoning,1010,55,historical,7128025.021909597,0,-7128025.021909597
30900056,Static Zoning,1010,56,historical,9147696.390814543,0,-9147696.390814543
30900057,Static Zoning,1010,57,historical,8093956.860587316,0,-8093956.860587316
30900058,Static Zoning,1010,58,historical,6978309.799197026,0,-6978309.799197026
30900059,Static Zoning,1010,59,historical,2514134.3278470277,0,-2514134.3278470277
30900060,Static Zoning,1010,60,historical,6661180.151286136,0,-6661180.151286136
30900061,Static Zoning,1010,61,historical,-820662.4492936984,0,820662.4492936984
30900062,Static Zoning,1010,62,historical,4656267.376306636,0,-4656267.376306636
30900063,Static Zoning,1010,63,historical,6463943.693499145,0,-6463943.693499145
30900064,Static Zoning,1010,64,historical,7744960.968281277,0,-7744960.968281277
30900065,Static Zoning,1010,65,historical,7381335.974167535,0,-7381335.974167535
30900066,Static Zoning,1010,66,historical,7369475.541250681,0,-7369475.541250681
30900067,Static Zoning,1010,67,historical,6952583.202225275,0,-6952583.202225275
30900068,Static Zoning,1010,68,historical,8791035.45727218,0,-8791035.45727218
30900069,Static Zoning,1010,69,historical,4633898.66249588,0,-4633898.66249588
30900070,Static Zoning,1010,70,historical,4823749.063992263,0,-4823749.063992263
30900071,Static Zoning,1010,71,historical,5798177.044633779,0,-5798177.044633779
30900072,Static Zoning,1010,72,historical,6347559.318031926,0,-6347559.318031926
30900073,Static Zoning,1010,73,historical,9348551.229663692,0,-9348551.229663692
30900074,Static Zoning,1010,74,historical,10438615.716375042,0,-10438615.716375042
30900075,Static Zoning,1010,75,historical,13229231.699795805,0,-13229231.699795805
30900076,Static Zoning,1010,76,historical,5414381.4386786325,0,-5414381.4386786325
30900077,Static Zoning,1010,77,historical,7018414.689979903,0,-7018414.689979903
30900078,Static Zoning,1010,78,historical,8971838.322919259,0,-8971838.322919259
30900079,Static Zoning,1010,79,historical,7404530.2565298565,0,-7404530.2565298565
30900080,Static Zoning,1010,80,historical,10348382.988618007,0,-10348382.988618007
30900081,Static Zoning,1010,81,historical,10850401.939999092,0,-10850401.939999092
30900082,Static Zoning,1010,82,historical,7791295.929195354,0,-7791295.929195354
30900083,Static Zoning,1010,83,historical,6156018.00299411,0,-6156018.00299411
30900084,Static Zoning,1010,84,historical,10507571.580187561,0,-10507571.580187561
30900085,Static Zoning,1010,85,historical,9485675.252112798,0,-9485675.252112798
30900086,Static Zoning,1010,86,historical,1357411.8340110655,0,-1357411.8340110655
30900087,Static Zoning,1010,87,historical,4444345.647310916,0,-4444345.647310916
30900088,Static Zoning,1010,88,historical,6663498.679291895,0,-6663498.679291895
30900089,Static Zoning,1010,89,historical,11548070.63894615,0,-11548070.63894615
30900090,Static Zoning,1010,90,historical,5789246.733102469,0,-5789246.733102469
30900091,Static Zoning,1010,91,historical,6292020.483985234,0,-6292020.483985234
30900092,Static Zoning,1010,92,historical,6582892.919458011,0,-6582892.919458011
30900093,Static Zoning,1010,93,historical,2901505.13238588,0,-2901505.13238588
30900094,Static Zoning,1010,94,historical,4632450.739993176,0,-4632450.739993176
30900095,Static Zoning,1010,95,historical,3852341.367836414,0,-3852341.367836414
30900096,Static Zoning,1010,96,historical,7170234.086958495,0,-7170234.086958495
30900097,Static Zoning,1010,97,historical,9144647.37328226,0,-9144647.37328226
30900098,Static Zoning,1010,98,historical,3757404.7853017715,0,-3757404.7853017715
30900099,Static Zoning,1010,99,historical,10332012.533827554,0,-10332012.533827554
30900000,Mean DQN,1010,0,historical,13120443.875397488,2,-13120443.875397488
30900001,Mean DQN,1010,1,historical,4210740.445525429,2,-4210740.445525429
30900002,Mean DQN,1010,2,historical,4112863.63910494,2,-4112863.63910494
30900003,Mean DQN,1010,3,historical,7240137.113835983,2,-7240137.113835983
30900004,Mean DQN,1010,4,historical,9924173.521173866,2,-9924173.521173866
30900005,Mean DQN,1010,5,historical,-367033.0671447413,2,367033.0671447413
30900006,Mean DQN,1010,6,historical,7700921.711520021,2,-7700921.711520021
30900007,Mean DQN,1010,7,historical,7763923.028992342,2,-7763923.028992342
30900008,Mean DQN,1010,8,historical,7131819.480820607,2,-7131819.480820607
30900009,Mean DQN,1010,9,historical,4674273.317250956,2,-4674273.317250956
30900010,Mean DQN,1010,10,historical,8070523.86274027,2,-8070523.86274027
30900011,Mean DQN,1010,11,historical,11096868.139628446,2,-11096868.139628446
30900012,Mean DQN,1010,12,historical,9764753.159864254,2,-9764753.159864254
30900013,Mean DQN,1010,13,historical,7086257.245391535,2,-7086257.245391535
30900014,Mean DQN,1010,14,historical,13651336.80080789,2,-13651336.80080789
30900015,Mean DQN,1010,15,historical,11804871.890395995,2,-11804871.890395995
30900016,Mean DQN,1010,16,historical,3314669.46979127,2,-3314669.46979127
30900017,Mean DQN,1010,17,historical,9646193.526427226,2,-9646193.526427226
30900018,Mean DQN,1010,18,historical,8447162.765517695,2,-8447162.765517695
30900019,Mean DQN,1010,19,historical,10322031.499151478,2,-10322031.499151478
30900020,Mean DQN,1010,20,historical,1931019.435410271,2,-1931019.435410271
30900021,Mean DQN,1010,21,historical,1600354.168014686,2,-1600354.168014686
30900022,Mean DQN,1010,22,historical,4188202.8085449506,2,-4188202.8085449506
30900023,Mean DQN,1010,23,historical,5756927.925681988,2,-5756927.925681988
30900024,Mean DQN,1010,24,historical,9498282.48892171,2,-9498282.48892171
30900025,Mean DQN,1010,25,historical,3036142.6794224023,2,-3036142.6794224023
30900026,Mean DQN,1010,26,historical,8253375.704780079,2,-8253375.704780079
30900027,Mean DQN,1010,27,historical,5871369.871187745,2,-5871369.871187745
30900028,Mean DQN,1010,28,historical,4620131.780725276,2,-4620131.780725276
30900029,Mean DQN,1010,29,historical,4646875.965522494,2,-4646875.965522494
30900030,Mean DQN,1010,30,historical,8637817.756360017,2,-8637817.756360017
30900031,Mean DQN,1010,31,historical,9702778.97070261,2,-9702778.97070261
30900032,Mean DQN,1010,32,historical,-114836.07843734277,2,114836.07843734277
30900033,Mean DQN,1010,33,historical,10474681.427494036,2,-10474681.427494036
30900034,Mean DQN,1010,34,historical,5152876.962996287,2,-5152876.962996287
30900035,Mean DQN,1010,35,historical,6661723.465715487,2,-6661723.465715487
30900036,Mean DQN,1010,36,historical,6760703.131642705,2,-6760703.131642705
30900037,Mean DQN,1010,37,historical,476824.984986365,2,-476824.984986365
30900038,Mean DQN,1010,38,historical,9081546.621463029,2,-9081546.621463029
30900039,Mean DQN,1010,39,historical,1847224.9265753827,2,-1847224.9265753827
30900040,Mean DQN,1010,40,historical,11433022.376131982,2,-11433022.376131982
30900041,Mean DQN,1010,41,historical,4443771.211015384,2,-4443771.211015384
30900042,Mean DQN,1010,42,historical,11207511.723996678,2,-11207511.723996678
30900043,Mean DQN,1010,43,historical,-67362.09430921194,2,67362.09430921194
30900044,Mean DQN,1010,44,historical,5662599.221058205,2,-5662599.221058205
30900045,Mean DQN,1010,45,historical,9468880.312228926,2,-9468880.312228926
30900046,Mean DQN,1010,46,historical,8050816.381129531,2,-8050816.381129531
30900047,Mean DQN,1010,47,historical,15496703.301454334,2,-15496703.301454334
30900048,Mean DQN,1010,48,historical,7167792.272627654,2,-7167792.272627654
30900049,Mean DQN,1010,49,historical,9883044.312188929,2,-9883044.312188929
30900050,Mean DQN,1010,50,historical,10095795.349093692,2,-10095795.349093692
30900051,Mean DQN,1010,51,historical,5344236.377877262,2,-5344236.377877262
30900052,Mean DQN,1010,52,historical,5775206.534018187,2,-5775206.534018187
30900053,Mean DQN,1010,53,historical,5501830.1509692855,2,-5501830.1509692855
30900054,Mean DQN,1010,54,historical,6328808.497409692,2,-6328808.497409692
30900055,Mean DQN,1010,55,historical,7141056.9934352795,2,-7141056.9934352795
30900056,Mean DQN,1010,56,historical,9135988.441828594,2,-9135988.441828594
30900057,Mean DQN,1010,57,historical,8106789.14265413,2,-8106789.14265413
30900058,Mean DQN,1010,58,historical,7016748.990640853,2,-7016748.990640853
30900059,Mean DQN,1010,59,historical,2549624.4401216037,2,-2549624.4401216037
30900060,Mean DQN,1010,60,historical,6691574.50861936,2,-6691574.50861936
30900061,Mean DQN,1010,61,historical,-754455.8299701654,2,754455.8299701654
30900062,Mean DQN,1010,62,historical,4726092.802901035,2,-4726092.802901035
30900063,Mean DQN,1010,63,historical,6489105.264642064,2,-6489105.264642064
30900064,Mean DQN,1010,64,historical,7773780.536941288,2,-7773780.536941288
30900065,Mean DQN,1010,65,historical,7430692.969052295,2,-7430692.969052295
30900066,Mean DQN,1010,66,historical,7375530.790421176,2,-7375530.790421176
30900067,Mean DQN,1010,67,historical,6990497.249590782,2,-6990497.249590782
30900068,Mean DQN,1010,68,historical,8828089.780286655,2,-8828089.780286655
30900069,Mean DQN,1010,69,historical,4650858.274797208,2,-4650858.274797208
30900070,Mean DQN,1010,70,historical,4861161.169694098,2,-4861161.169694098
30900071,Mean DQN,1010,71,historical,5839183.8139698,2,-5839183.8139698
30900072,Mean DQN,1010,72,historical,6460910.0359923905,2,-6460910.0359923905
30900073,Mean DQN,1010,73,historical,9407046.058824051,2,-9407046.058824051
30900074,Mean DQN,1010,74,historical,10504499.071716402,2,-10504499.071716402
30900075,Mean DQN,1010,75,historical,13247849.284064647,2,-13247849.284064647
30900076,Mean DQN,1010,76,historical,5447555.464903288,2,-5447555.464903288
30900077,Mean DQN,1010,77,historical,7059338.927034011,2,-7059338.927034011
30900078,Mean DQN,1010,78,historical,9013568.607162952,2,-9013568.607162952
30900079,Mean DQN,1010,79,historical,7453670.336655078,2,-7453670.336655078
30900080,Mean DQN,1010,80,historical,10380426.46133124,2,-10380426.46133124
30900081,Mean DQN,1010,81,historical,10889868.836494131,2,-10889868.836494131
30900082,Mean DQN,1010,82,historical,7810501.646843787,2,-7810501.646843787
30900083,Mean DQN,1010,83,historical,6222558.6713851,2,-6222558.6713851
30900084,Mean DQN,1010,84,historical,10557122.320990117,2,-10557122.320990117
30900085,Mean DQN,1010,85,historical,9514422.77666355,2,-9514422.77666355
30900086,Mean DQN,1010,86,historical,1425067.7938421515,2,-1425067.7938421515
30900087,Mean DQN,1010,87,historical,4493035.918965826,2,-4493035.918965826
30900088,Mean DQN,1010,88,historical,6681370.674493366,2,-6681370.674493366
30900089,Mean DQN,1010,89,historical,11549738.756495163,2,-11549738.756495163
30900090,Mean DQN,1010,90,historical,5812892.601379955,2,-5812892.601379955
30900091,Mean DQN,1010,91,historical,6343732.476371403,2,-6343732.476371403
30900092,Mean DQN,1010,92,historical,6600397.101640136,2,-6600397.101640136
30900093,Mean DQN,1010,93,historical,2936415.448775366,2,-2936415.448775366
30900094,Mean DQN,1010,94,historical,4657260.377516169,2,-4657260.377516169
30900095,Mean DQN,1010,95,historical,3926991.2449313817,2,-3926991.2449313817
30900096,Mean DQN,1010,96,historical,7234224.98940299,2,-7234224.98940299
30900097,Mean DQN,1010,97,historical,9175026.509873815,2,-9175026.509873815
30900098,Mean DQN,1010,98,historical,3811899.8925854894,2,-3811899.8925854894
30900099,Mean DQN,1010,99,historical,10331693.834796792,2,-10331693.834796792
30900000,QR Mean,1010,0,historical,13112558.120108966,4,-13112558.120108966
30900001,QR Mean,1010,1,historical,4200212.3240076285,4,-4200212.3240076285
30900002,QR Mean,1010,2,historical,4107601.1892523207,4,-4107601.1892523207
30900003,QR Mean,1010,3,historical,7226629.028043904,4,-7226629.028043904
30900004,QR Mean,1010,4,historical,9907904.981784105,4,-9907904.981784105
30900005,QR Mean,1010,5,historical,-356355.13717645616,4,356355.13717645616
30900006,QR Mean,1010,6,historical,7715253.176997958,4,-7715253.176997958
30900007,QR Mean,1010,7,historical,7748444.968235084,4,-7748444.968235084
30900008,QR Mean,1010,8,historical,7129957.080196395,4,-7129957.080196395
30900009,QR Mean,1010,9,historical,4706509.213764025,4,-4706509.213764025
30900010,QR Mean,1010,10,historical,8072104.416013174,4,-8072104.416013174
30900011,QR Mean,1010,11,historical,11093406.967190597,4,-11093406.967190597
30900012,QR Mean,1010,12,historical,9754614.631055728,4,-9754614.631055728
30900013,QR Mean,1010,13,historical,7089258.156937972,4,-7089258.156937972
30900014,QR Mean,1010,14,historical,13637951.055884635,4,-13637951.055884635
30900015,QR Mean,1010,15,historical,11788392.72460705,4,-11788392.72460705
30900016,QR Mean,1010,16,historical,3318596.097441498,4,-3318596.097441498
30900017,QR Mean,1010,17,historical,9646607.98081934,4,-9646607.98081934
30900018,QR Mean,1010,18,historical,8443116.058879372,4,-8443116.058879372
30900019,QR Mean,1010,19,historical,10312959.833092388,4,-10312959.833092388
30900020,QR Mean,1010,20,historical,1920630.821624199,4,-1920630.821624199
30900021,QR Mean,1010,21,historical,1612239.7436699765,4,-1612239.7436699765
30900022,QR Mean,1010,22,historical,4173266.54299453,4,-4173266.54299453
30900023,QR Mean,1010,23,historical,5755825.826250456,4,-5755825.826250456
30900024,QR Mean,1010,24,historical,9489222.256873121,4,-9489222.256873121
30900025,QR Mean,1010,25,historical,3040418.1299344557,4,-3040418.1299344557
30900026,QR Mean,1010,26,historical,8239758.656496216,4,-8239758.656496216
30900027,QR Mean,1010,27,historical,5871267.773821658,4,-5871267.773821658
30900028,QR Mean,1010,28,historical,4610419.811128674,4,-4610419.811128674
30900029,QR Mean,1010,29,historical,4635727.8865988,4,-4635727.8865988
30900030,QR Mean,1010,30,historical,8635374.689835865,4,-8635374.689835865
30900031,QR Mean,1010,31,historical,9696355.588224303,4,-9696355.588224303
30900032,QR Mean,1010,32,historical,-127766.25867187092,4,127766.25867187092
30900033,QR Mean,1010,33,historical,10457634.048616527,4,-10457634.048616527
30900034,QR Mean,1010,34,historical,5155595.057230169,4,-5155595.057230169
30900035,QR Mean,1010,35,historical,6662459.156268915,4,-6662459.156268915
30900036,QR Mean,1010,36,historical,6754970.897035029,4,-6754970.897035029
30900037,QR Mean,1010,37,historical,462962.5259483637,4,-462962.5259483637
30900038,QR Mean,1010,38,historical,9079246.377932768,4,-9079246.377932768
30900039,QR Mean,1010,39,historical,1901715.4405462756,4,-1901715.4405462756
30900040,QR Mean,1010,40,historical,11426779.627156168,4,-11426779.627156168
30900041,QR Mean,1010,41,historical,4446424.975696057,4,-4446424.975696057
30900042,QR Mean,1010,42,historical,11205338.576870836,4,-11205338.576870836
30900043,QR Mean,1010,43,historical,-75942.11357117281,4,75942.11357117281
30900044,QR Mean,1010,44,historical,5696445.942079417,4,-5696445.942079417
30900045,QR Mean,1010,45,historical,9459811.030923467,4,-9459811.030923467
30900046,QR Mean,1010,46,historical,8028979.397220693,4,-8028979.397220693
30900047,QR Mean,1010,47,historical,15488510.061880026,4,-15488510.061880026
30900048,QR Mean,1010,48,historical,7165671.649338509,4,-7165671.649338509
30900049,QR Mean,1010,49,historical,9891575.083144616,4,-9891575.083144616
30900050,QR Mean,1010,50,historical,10090834.979342174,4,-10090834.979342174
30900051,QR Mean,1010,51,historical,5330359.570768431,4,-5330359.570768431
30900052,QR Mean,1010,52,historical,5776978.402312071,4,-5776978.402312071
30900053,QR Mean,1010,53,historical,5497540.698525282,4,-5497540.698525282
30900054,QR Mean,1010,54,historical,6319383.790422665,4,-6319383.790422665
30900055,QR Mean,1010,55,historical,7160687.89110638,4,-7160687.89110638
30900056,QR Mean,1010,56,historical,9154240.101263525,4,-9154240.101263525
30900057,QR Mean,1010,57,historical,8106040.29682407,4,-8106040.29682407
30900058,QR Mean,1010,58,historical,7016285.648842325,4,-7016285.648842325
30900059,QR Mean,1010,59,historical,2539396.5314997467,4,-2539396.5314997467
30900060,QR Mean,1010,60,historical,6673763.174009583,4,-6673763.174009583
30900061,QR Mean,1010,61,historical,-713684.6789298772,4,713684.6789298772
30900062,QR Mean,1010,62,historical,4735497.606339748,4,-4735497.606339748
30900063,QR Mean,1010,63,historical,6516736.858020861,4,-6516736.858020861
30900064,QR Mean,1010,64,historical,7758900.346904794,4,-7758900.346904794
30900065,QR Mean,1010,65,historical,7430053.000916202,4,-7430053.000916202
30900066,QR Mean,1010,66,historical,7372300.87983476,4,-7372300.87983476
30900067,QR Mean,1010,67,historical,6992176.9953816375,4,-6992176.9953816375
30900068,QR Mean,1010,68,historical,8836885.70081765,4,-8836885.70081765
30900069,QR Mean,1010,69,historical,4657928.996530559,4,-4657928.996530559
30900070,QR Mean,1010,70,historical,4869447.579301508,4,-4869447.579301508
30900071,QR Mean,1010,71,historical,5840975.942799523,4,-5840975.942799523
30900072,QR Mean,1010,72,historical,6441344.476883245,4,-6441344.476883245
30900073,QR Mean,1010,73,historical,9394344.23674464,4,-9394344.23674464
30900074,QR Mean,1010,74,historical,10501604.80118315,4,-10501604.80118315
30900075,QR Mean,1010,75,historical,13250821.550101697,4,-13250821.550101697
30900076,QR Mean,1010,76,historical,5442157.166694537,4,-5442157.166694537
30900077,QR Mean,1010,77,historical,7060347.3567480305,4,-7060347.3567480305
30900078,QR Mean,1010,78,historical,9007771.404131051,4,-9007771.404131051
30900079,QR Mean,1010,79,historical,7461886.628038972,4,-7461886.628038972
30900080,QR Mean,1010,80,historical,10368365.987223737,4,-10368365.987223737
30900081,QR Mean,1010,81,historical,10871418.907108396,4,-10871418.907108396
30900082,QR Mean,1010,82,historical,7814865.277643755,4,-7814865.277643755
30900083,QR Mean,1010,83,historical,6209112.31159261,4,-6209112.31159261
30900084,QR Mean,1010,84,historical,10553265.43437049,4,-10553265.43437049
30900085,QR Mean,1010,85,historical,9500003.834934171,4,-9500003.834934171
30900086,QR Mean,1010,86,historical,1419462.3615336725,4,-1419462.3615336725
30900087,QR Mean,1010,87,historical,4486951.026976628,4,-4486951.026976628
30900088,QR Mean,1010,88,historical,6693340.476577909,4,-6693340.476577909
30900089,QR Mean,1010,89,historical,11553460.687435912,4,-11553460.687435912
30900090,QR Mean,1010,90,historical,5805973.6069198605,4,-5805973.6069198605
30900091,QR Mean,1010,91,historical,6334992.187812221,4,-6334992.187812221
30900092,QR Mean,1010,92,historical,6608173.870730028,4,-6608173.870730028
30900093,QR Mean,1010,93,historical,2911508.8296772325,4,-2911508.8296772325
30900094,QR Mean,1010,94,historical,4668894.824514336,4,-4668894.824514336
30900095,QR Mean,1010,95,historical,3920330.9857011065,4,-3920330.9857011065
30900096,QR Mean,1010,96,historical,7232718.546647557,4,-7232718.546647557
30900097,QR Mean,1010,97,historical,9161180.183024509,4,-9161180.183024509
30900098,QR Mean,1010,98,historical,3803677.455260249,4,-3803677.455260249
30900099,QR Mean,1010,99,historical,10323670.895591985,4,-10323670.895591985
30900000,Tail-QR Zoning,1010,0,historical,13081819.912871674,1,-13081819.912871674
30900001,Tail-QR Zoning,1010,1,historical,4164718.0009190757,1,-4164718.0009190757
30900002,Tail-QR Zoning,1010,2,historical,4102427.21624535,1,-4102427.21624535
30900003,Tail-QR Zoning,1010,3,historical,7181266.372976992,1,-7181266.372976992
30900004,Tail-QR Zoning,1010,4,historical,9877795.575630227,1,-9877795.575630227
30900005,Tail-QR Zoning,1010,5,historical,-444505.3022735936,1,444505.3022735936
30900006,Tail-QR Zoning,1010,6,historical,7633192.560118024,1,-7633192.560118024
30900007,Tail-QR Zoning,1010,7,historical,7706115.9470581245,1,-7706115.9470581245
30900008,Tail-QR Zoning,1010,8,historical,7053354.487812044,1,-7053354.487812044
30900009,Tail-QR Zoning,1010,9,historical,4653656.905233646,1,-4653656.905233646
30900010,Tail-QR Zoning,1010,10,historical,8037570.30619552,1,-8037570.30619552
30900011,Tail-QR Zoning,1010,11,historical,11059812.233310033,1,-11059812.233310033
30900012,Tail-QR Zoning,1010,12,historical,9714097.135951713,1,-9714097.135951713
30900013,Tail-QR Zoning,1010,13,historical,7031766.335848408,1,-7031766.335848408
30900014,Tail-QR Zoning,1010,14,historical,13653226.106377399,1,-13653226.106377399
30900015,Tail-QR Zoning,1010,15,historical,11750363.5748499,1,-11750363.5748499
30900016,Tail-QR Zoning,1010,16,historical,3269191.7331539304,1,-3269191.7331539304
30900017,Tail-QR Zoning,1010,17,historical,9597034.238685906,1,-9597034.238685906
30900018,Tail-QR Zoning,1010,18,historical,8414660.031938223,1,-8414660.031938223
30900019,Tail-QR Zoning,1010,19,historical,10284809.566393882,1,-10284809.566393882
30900020,Tail-QR Zoning,1010,20,historical,1902738.6854834014,1,-1902738.6854834014
30900021,Tail-QR Zoning,1010,21,historical,1559065.8419285868,1,-1559065.8419285868
30900022,Tail-QR Zoning,1010,22,historical,4137419.7510039993,1,-4137419.7510039993
30900023,Tail-QR Zoning,1010,23,historical,5721215.194932551,1,-5721215.194932551
30900024,Tail-QR Zoning,1010,24,historical,9476631.426539809,1,-9476631.426539809
30900025,Tail-QR Zoning,1010,25,historical,2995730.3006603736,1,-2995730.3006603736
30900026,Tail-QR Zoning,1010,26,historical,8239055.300098784,1,-8239055.300098784
30900027,Tail-QR Zoning,1010,27,historical,5789085.267593456,1,-5789085.267593456
30900028,Tail-QR Zoning,1010,28,historical,4579598.367761303,1,-4579598.367761303
30900029,Tail-QR Zoning,1010,29,historical,4633804.595958726,1,-4633804.595958726
30900030,Tail-QR Zoning,1010,30,historical,8620316.488454247,1,-8620316.488454247
30900031,Tail-QR Zoning,1010,31,historical,9676851.662903512,1,-9676851.662903512
30900032,Tail-QR Zoning,1010,32,historical,-175376.6898258282,1,175376.6898258282
30900033,Tail-QR Zoning,1010,33,historical,10450890.82722143,1,-10450890.82722143
30900034,Tail-QR Zoning,1010,34,historical,5105155.267172536,1,-5105155.267172536
30900035,Tail-QR Zoning,1010,35,historical,6640035.037790609,1,-6640035.037790609
30900036,Tail-QR Zoning,1010,36,historical,6735986.72287426,1,-6735986.72287426
30900037,Tail-QR Zoning,1010,37,historical,411389.95689587615,1,-411389.95689587615
30900038,Tail-QR Zoning,1010,38,historical,9066396.267509611,1,-9066396.267509611
30900039,Tail-QR Zoning,1010,39,historical,1815069.1023478813,1,-1815069.1023478813
30900040,Tail-QR Zoning,1010,40,historical,11382586.48186108,1,-11382586.48186108
30900041,Tail-QR Zoning,1010,41,historical,4401228.894610798,1,-4401228.894610798
30900042,Tail-QR Zoning,1010,42,historical,11183707.147443276,1,-11183707.147443276
30900043,Tail-QR Zoning,1010,43,historical,-137882.11074659158,1,137882.11074659158
30900044,Tail-QR Zoning,1010,44,historical,5615198.875111856,1,-5615198.875111856
30900045,Tail-QR Zoning,1010,45,historical,9445028.858660433,1,-9445028.858660433
30900046,Tail-QR Zoning,1010,46,historical,8026129.934180738,1,-8026129.934180738
30900047,Tail-QR Zoning,1010,47,historical,15480105.962704893,1,-15480105.962704893
30900048,Tail-QR Zoning,1010,48,historical,7131329.1497998815,1,-7131329.1497998815
30900049,Tail-QR Zoning,1010,49,historical,9880316.438435737,1,-9880316.438435737
30900050,Tail-QR Zoning,1010,50,historical,10043425.551557697,1,-10043425.551557697
30900051,Tail-QR Zoning,1010,51,historical,5295024.2500878805,1,-5295024.2500878805
30900052,Tail-QR Zoning,1010,52,historical,5754499.78570548,1,-5754499.78570548
30900053,Tail-QR Zoning,1010,53,historical,5466238.004900644,1,-5466238.004900644
30900054,Tail-QR Zoning,1010,54,historical,6278171.145304367,1,-6278171.145304367
30900055,Tail-QR Zoning,1010,55,historical,7128257.33260743,1,-7128257.33260743
30900056,Tail-QR Zoning,1010,56,historical,9148186.964465018,1,-9148186.964465018
30900057,Tail-QR Zoning,1010,57,historical,8093769.553848911,1,-8093769.553848911
30900058,Tail-QR Zoning,1010,58,historical,6976987.621752436,1,-6976987.621752436
30900059,Tail-QR Zoning,1010,59,historical,2513904.152678549,1,-2513904.152678549
30900060,Tail-QR Zoning,1010,60,historical,6662350.393777906,1,-6662350.393777906
30900061,Tail-QR Zoning,1010,61,historical,-822348.6942314839,1,822348.6942314839
30900062,Tail-QR Zoning,1010,62,historical,4655776.875551292,1,-4655776.875551292
30900063,Tail-QR Zoning,1010,63,historical,6465680.924389957,1,-6465680.924389957
30900064,Tail-QR Zoning,1010,64,historical,7745194.531406321,1,-7745194.531406321
30900065,Tail-QR Zoning,1010,65,historical,7379610.805903643,1,-7379610.805903643
30900066,Tail-QR Zoning,1010,66,historical,7367558.78414795,1,-7367558.78414795
30900067,Tail-QR Zoning,1010,67,historical,6951537.062907012,1,-6951537.062907012
30900068,Tail-QR Zoning,1010,68,historical,8792207.780037522,1,-8792207.780037522
30900069,Tail-QR Zoning,1010,69,historical,4634907.158830406,1,-4634907.158830406
30900070,Tail-QR Zoning,1010,70,historical,4823520.512784597,1,-4823520.512784597
30900071,Tail-QR Zoning,1010,71,historical,5797791.346452617,1,-5797791.346452617
30900072,Tail-QR Zoning,1010,72,historical,6348877.126697039,1,-6348877.126697039
30900073,Tail-QR Zoning,1010,73,historical,9349021.59426267,1,-9349021.59426267
30900074,Tail-QR Zoning,1010,74,historical,10438713.806998825,1,-10438713.806998825
30900075,Tail-QR Zoning,1010,75,historical,13230335.336648863,1,-13230335.336648863
30900076,Tail-QR Zoning,1010,76,historical,5413870.594860154,1,-5413870.594860154
30900077,Tail-QR Zoning,1010,77,historical,7019606.0475583635,1,-7019606.0475583635
30900078,Tail-QR Zoning,1010,78,historical,8971857.838432165,1,-8971857.838432165
30900079,Tail-QR Zoning,1010,79,historical,7405920.75133447,1,-7405920.75133447
30900080,Tail-QR Zoning,1010,80,historical,10348232.045926252,1,-10348232.045926252
30900081,Tail-QR Zoning,1010,81,historical,10849776.307270087,1,-10849776.307270087
30900082,Tail-QR Zoning,1010,82,historical,7789486.519580081,1,-7789486.519580081
30900083,Tail-QR Zoning,1010,83,historical,6158723.904250912,1,-6158723.904250912
30900084,Tail-QR Zoning,1010,84,historical,10506150.337718338,1,-10506150.337718338
30900085,Tail-QR Zoning,1010,85,historical,9484686.876512997,1,-9484686.876512997
30900086,Tail-QR Zoning,1010,86,historical,1358798.563200343,1,-1358798.563200343
30900087,Tail-QR Zoning,1010,87,historical,4444276.158604834,1,-4444276.158604834
30900088,Tail-QR Zoning,1010,88,historical,6664688.7625246225,1,-6664688.7625246225
30900089,Tail-QR Zoning,1010,89,historical,11550462.558498345,1,-11550462.558498345
30900090,Tail-QR Zoning,1010,90,historical,5786544.769510926,1,-5786544.769510926
30900091,Tail-QR Zoning,1010,91,historical,6291209.102041601,1,-6291209.102041601
30900092,Tail-QR Zoning,1010,92,historical,6583452.040890576,1,-6583452.040890576
30900093,Tail-QR Zoning,1010,93,historical,2901566.148531456,1,-2901566.148531456
30900094,Tail-QR Zoning,1010,94,historical,4638571.115916497,1,-4638571.115916497
30900095,Tail-QR Zoning,1010,95,historical,3852447.303919808,1,-3852447.303919808
30900096,Tail-QR Zoning,1010,96,historical,7171046.233409353,1,-7171046.233409353
30900097,Tail-QR Zoning,1010,97,historical,9146691.986466365,1,-9146691.986466365
30900098,Tail-QR Zoning,1010,98,historical,3758563.6030210457,1,-3758563.6030210457
30900099,Tail-QR Zoning,1010,99,historical,10331782.534365825,1,-10331782.534365825
